Workbook

Sheet Moulded-2005
A1: 2005 INVOICE No: | F1: 05-06/2639
A2: DATE | F2: 23.12.2005
A3: Sr. No. | B3: CODE | C3: DESCRIPTION | D3: PACKING
D4: UNIT | E4: BOX | F4: PIECES | G4: BOXES
A6: 1 | B6: PP - 1501 | C6: 25 x 15MM Poly Riser | D6: 100 | E6: 2800
A7: 2 | B7: PP - 1502 | C7: 50X15 MM Poly Eriser
A8: 3 | B8: PP - 1503 | C8: 80 x 15MM Poly Riser | D8: 50 | E8: 1100
A9: 4 | B9: PP - 1504 | C9: 100 x 15MM Poly Riser. | D9: 50 | E9: 1000
A10: 5 | B10: PP - 1505 | C10: 125 X 15 MM Poly Riser
A11: 6 | B11: PP - 1506 | C11: 150 x 15MM Poly Riser. | D11: 50 | E11: 600
A12: 6A | B12: PH - 1506 | C12: 150x15 MM Poly Riser | D12: 50 | E12: 600
A13: 7 | B13: PP - 1508 | C13: 200 x 15MM Poly Riser. | D13: 10 | E13: 400
A14: 8 | B14: PP - 1509 | C14: 225 x 15MM Poly Riser. | D14: 10 | E14: 400
A15: 9 | B15: PP - 1512 | C15: Risers 1/2"(15MM)x12"(300MM) | D15: 10 | E15: 300 | F15: 100000 | G15: 334
A16: 9A | B16: PH - 1512 | C16: 300 x 15MM Ply Riser. | D16: 10 | E16: 300 | G16: =F16/E16 -> 0
A17: 10 | B17: PPA - 1506 | C17: 150 x 15MM Articulated P.Riser. | D17: 10 | E17: 130 | G17: =F17/E17 -> 0
A18: 11 | B18: PPA - 1508 | C18: 200 x 15MM Articulated P.Riser | D18: 10 | E18: 110 | G18: =F18/E18 -> 0
A19: 12 | B19: PPA - 1512 | C19: Articulated Riser 1/2"(15mm)x300MM | D19: 10 | E19: 80 | F19: 5040 | G19: =F19/E19 -> 63
A20: 13 | B20: FFC - 15 | C20: F/F Couplings 1/2"(15MM) | D20: 100 | E20: 1200 | F20: 150000 | G20: =F20/E20 -> 125
A21: 14 | B21: MFE - 15 | C21: M/F Elbow 1/2" (15MM) | D21: 100 | E21: 1000 | F21: 58400 | G21: 59
A22: 15 | B22: CAP - 15 | C22: 15MM F.I.Cap. | D22: 50 | E22: 2800 | G22: =F22/E22 -> 0
A23: 16 | B23: CUTPL - 15 | C23: 15MM Rigid Cut Off Riser. | D23: 50 | E23: 550 | G23: =F23/E23 -> 0
A24: 17 | B24: PP - 2008 | C24: 200 x 20MM Poly Riser. | D24: 10 | E24: 330 | G24: =F24/E24 -> 0
A25: 18 | B25: PP/PH - 2010 | C25: Riser 240x20MM Spacer Meter | D25: 10 | E25: 270 | G25: =F25/E25 -> 0
A26: 18A | B26: 90447000 | C26: Philmac spacer Meter 20 x 240 | D26: 10 | E26: 270 | G26: =F26/E26 -> 0
A27: 19 | B27: PP - 2012 | C27: 300 x 20MM Poly Riser. | D27: 10 | E27: 230 | G27: =F27/E27 -> 0
A28: 19A | B28: 90442300 | C28: Philmac 300 x 20MM Riser | D28: 10 | E28: 230 | G28: =F28/E28 -> 0
A29: 20 | B29: PPA - 2008 | C29: 200 x 20MM Artic Riser. | D29: 5 | E29: 75 | G29: =F29/E29 -> 0
A30: 21 | B30: PPA - 2012 | C30: 300 x 20MM Artic Riser | D30: 5 | E30: 50 | G30: =F30/E30 -> 0
A31: 22 | B31: MFE - 20 | C31: M/F Elbow 20MM | D31: 50 | E31: 600 | G31: =F31/E31 -> 0
A32: 23 | B32: MJC - 18 | C32: 15MM x 1/8" Micro Spray cap | D32: 50 | E32: 2000 | G32: =F32/E32 -> 0
A33: 24 | B33: SPASTO | C33: Shrub Adaptor Toro Head | D33: 100 | E33: 2000 | G33: =F33/E33 -> 0
A34: 25 | B34: MFA - 15 | C34: 15MM M/F Adaptors. | D34: 50 | E34: 1750 | G34: =F34/E34 -> 0
A35: 26 | B35: SMFE - 15 | C35: M/F Elbow | D35: 50 | E35: 800 | G35: =F35/E35 -> 0
D36: TOTAL | F36: =SUM(F6:F35) -> 313440 | G36: =SUM(G15:G35) -> 581

Sheet Moulded-2006
A1: 2006 INVOICE No: | F1: 05-06/2649 | G1: 06-07/2685 | H1: TOTAL
A2: DATE | F2: 23.03.2006 | G2: 28.12.2006
A3: Sr. No. | B3: CODE | C3: DESCRIPTION | D3: PACKING
D4: UNIT | E4: BOX | F4: PIECES | G4: PIECES | H4: PIECES | I4: BOXES
A6: 1 | B6: PP - 1501 | C6: 25 x 15MM Poly Riser | D6: 100 | E6: 2800 | G6: 11200 | H6: =SUM(F6:G6) -> 11200 | I6: =H6/E6 -> 4
A7: 2 | B7: PP - 1502 | C7: 50X15 MM Poly Eriser | D7: 100 | E7: 2500 | H7: =SUM(F7:G7) -> 0 | I7: =H7/E7 -> 0
A8: 3 | B8: PP - 1503 | C8: 80 x 15MM Poly Riser | D8: 50 | E8: 1100 | F8: 44000 | H8: =SUM(F8:G8) -> 44000 | I8: =H8/E8 -> 40
A9: 4 | B9: PP - 1504 | C9: 100 x 15MM Poly Riser. | D9: 50 | E9: 1000 | F9: 32000 | G9: 3600 | H9: =SUM(F9:G9) -> 35600 | I9: 36
A10: 5 | B10: PP - 1505 | C10: 125 X 15 MM Poly Riser | D10: 50 | E10: 800 | H10: =SUM(F10:G10) -> 0 | I10: =H10/E10 -> 0
A11: 6 | B11: PP - 1506 | C11: 150 x 15MM Poly Riser. | D11: 50 | E11: 600 | F11: 48000 | H11: =SUM(F11:G11) -> 48000 | I11: =H11/E11 -> 80
A12: 6A | B12: PH - 1506 | C12: 150x15 MM Poly Riser | D12: 50 | E12: 600 | H12: =SUM(F12:G12) -> 0 | I12: =H12/E12 -> 0
A13: 7 | B13: PP - 1508 | C13: 200 x 15MM Poly Riser. | D13: 10 | E13: 400 | F13: 19200 | G13: 9200 | H13: =SUM(F13:G13) -> 28400 | I13: =H13/E13 -> 71
A14: 8 | B14: PP - 1509 | C14: 225 x 15MM Poly Riser. | D14: 10 | E14: 400 | F14: 34400 | G14: 40000 | H14: =SUM(F14:G14) -> 74400 | I14: =H14/E14 -> 186
A15: 9 | B15: PP - 1512 | C15: Risers 1/2"(15MM)x12"(300MM) | D15: 10 | E15: 300 | G15: 60500 | H15: =SUM(F15:G15) -> 60500 | I15: 202
A16: 9A | B16: PH - 1512 | C16: 300 x 15MM Ply Riser. | D16: 10 | E16: 300 | H16: =SUM(F16:G16) -> 0 | I16: =H16/E16 -> 0
A17: 10 | B17: PPA - 1506 | C17: 150 x 15MM Articulated P.Riser. | D17: 10 | E17: 130 | F17: 5070 | H17: =SUM(F17:G17) -> 5070 | I17: =H17/E17 -> 39
A18: 11 | B18: PPA - 1508 | C18: 200 x 15MM Articulated P.Riser | D18: 10 | E18: 110 | F18: 18040 | H18: =SUM(F18:G18) -> 18040 | I18: =H18/E18 -> 164
A19: 12 | B19: PPA - 1512 | C19: Articulated Riser 1/2"(15mm)x300MM | D19: 10 | E19: 80 | G19: 6400 | H19: =SUM(F19:G19) -> 6400 | I19: =H19/E19 -> 80
A20: 13 | B20: FFC - 15 | C20: F/F Couplings 1/2"(15MM) | D20: 100 | E20: 1200 | G20: 54000 | H20: =SUM(F20:G20) -> 54000 | I20: =H20/E20 -> 45
A21: 14 | B21: MFE - 15 | C21: M/F Elbow 1/2" (15MM) | D21: 100 | E21: 1000 | H21: =SUM(F21:G21) -> 0 | I21: =H21/E21 -> 0
A22: 15 | B22: CAP - 15 | C22: 15MM F.I.Cap. | D22: 50 | E22: 2800 | G22: 5600 | H22: =SUM(F22:G22) -> 5600 | I22: =H22/E22 -> 2
A23: 16 | B23: CUTPL - 15 | C23: 15MM Rigid Cut Off Riser. | D23: 50 | E23: 550 | H23: =SUM(F23:G23) -> 0 | I23: =H23/E23 -> 0
A24: 17 | B24: PP - 2008 | C24: 200 x 20MM Poly Riser. | D24: 10 | E24: 330 | H24: =SUM(F24:G24) -> 0 | I24: =H24/E24 -> 0
A25: 18 | B25: PP/PH - 2010 | C25: Riser 240x20MM Spacer Meter | D25: 10 | E25: 270 | H25: =SUM(F25:G25) -> 0 | I25: =H25/E25 -> 0
A26: 18A | B26: 90447000 | C26: Philmac spacer Meter 20 x 240 | D26: 10 | E26: 270 | H26: =SUM(F26:G26) -> 0 | I26: =H26/E26 -> 0
A27: 19 | B27: PP - 2012 | C27: 300 x 20MM Poly Riser. | D27: 10 | E27: 230 | H27: =SUM(F27:G27) -> 0 | I27: =H27/E27 -> 0
A28: 19A | B28: 90442300 | C28: Philmac 300 x 20MM Riser | D28: 10 | E28: 230 | H28: =SUM(F28:G28) -> 0 | I28: =H28/E28 -> 0
A29: 20 | B29: PPA - 2008 | C29: 200 x 20MM Artic Riser. | D29: 5 | E29: 75 | H29: =SUM(F29:G29) -> 0 | I29: =H29/E29 -> 0
A30: 21 | B30: PPA - 2012 | C30: 300 x 20MM Artic Riser | D30: 5 | E30: 50 | H30: =SUM(F30:G30) -> 0 | I30: =H30/E30 -> 0
A31: 22 | B31: MFE - 20 | C31: M/F Elbow 20MM | D31: 50 | E31: 600 | H31: =SUM(F31:G31) -> 0 | I31: =H31/E31 -> 0
A32: 23 | B32: MJC - 18 | C32: 15MM x 1/8" Micro Spray cap | D32: 50 | E32: 2000 | H32: =SUM(F32:G32) -> 0 | I32: =H32/E32 -> 0
A33: 24 | B33: SPASTO | C33: Shrub Adaptor Toro Head | D33: 100 | E33: 2000 | H33: =SUM(F33:G33) -> 0 | I33: =H33/E33 -> 0
A34: 25 | B34: MFA - 15 | C34: 15MM M/F Adaptors. | D34: 50 | E34: 1750 | H34: =SUM(F34:G34) -> 0 | I34: =H34/E34 -> 0
A35: 26 | B35: SMFE - 15 | C35: M/F Elbow | D35: 50 | E35: 800 | H35: =SUM(F35:G35) -> 0 | I35: =H35/E35 -> 0
D36: TOTAL | F36: =SUM(F6:F35) -> 200710 | G36: =SUM(G6:G35) -> 190500 | H36: =SUM(H6:H35) -> 391210 | I36: =SUM(I6:I35) -> 949

Sheet Moulded-2007
A1: 2007 INVOICE No: | F1: 06-07/2687 | G1: 07-08/2706 | H1: 07-08/2707 | I1: 07-08/2717 | J1: 07-08/2723 | K1: 07-08/2734A | L1: TOTAL
A2: DATE | F2: 24.01.2007 | G2: 23.04.2007 | H2: 24.04.2007 | I2: 29.06.2007 | J2: 22.08.2007 | K2: 29.10.2007 | L2: L
A3: Sr. No. | B3: CODE | C3: DESCRIPTION | D3: PACKING
D4: UNIT | E4: BOX | F4: PIECES | G4: PIECES | H4: PIECES | I4: PIECES | J4: PIECES | K4: PIECES | L4: PIECES | M4: BOXES
A6: 1 | B6: PP - 1501 | C6: 25 x 15MM Poly Riser | D6: 100 | E6: 2800 | F6: 100800 | G6: 78400 | J6: 50400 | K6: 36400 | L6: =SUM(F6:K6) -> 266000 | M6: =L6/E6 -> 95
A7: 2 | B7: PP - 1502 | C7: 50X15 MM Poly Eriser | D7: 50 | E7: 2500 | L7: =SUM(F7:K7) -> 0 | M7: =L7/E7 -> 0
A8: 3 | B8: PP - 1503 | C8: 80 x 15MM Poly Riser | D8: 50 | E8: 1100 | F8: 19800 | G8: 29700 | K8: 19800 | L8: =SUM(F8:K8) -> 69300 | M8: =L8/E8 -> 63
A9: 4 | B9: PP - 1504 | C9: 100 x 15MM Poly Riser. | D9: 50 | E9: 1000 | F9: 19800 | G9: 16000 | K9: 23000 | L9: =SUM(F9:K9) -> 58800 | M9: 59
A10: 5 | B10: PP - 1505 | C10: 125 X 15 MM Poly Riser | D10: 50 | E10: 800 | L10: =SUM(F10:K10) -> 0 | M10: =L10/E10 -> 0
A11: 6 | B11: PP - 1506 | C11: 150 x 15MM Poly Riser. | D11: 50 | E11: 600 | F11: 17400 | G11: 24000 | K11: 30000 | L11: =SUM(F11:K11) -> 71400 | M11: =L11/E11 -> 119
A12: 6A | B12: PH - 1506 | C12: 150x15 MM Poly Riser | D12: 50 | E12: 600 | F12: 9000 | L12: =SUM(F12:K12) -> 9000 | M12: =L12/E12 -> 15
A13: 7 | B13: PP - 1508 | C13: 200 x 15MM Poly Riser. | D13: 10 | E13: 400 | G13: 10000 | K13: 12000 | L13: =SUM(F13:K13) -> 22000 | M13: =L13/E13 -> 55
A14: 8 | B14: PP - 1509 | C14: 225 x 15MM Poly Riser. | D14: 10 | E14: 400 | G14: 20000 | L14: =SUM(F14:K14) -> 20000 | M14: =L14/E14 -> 50
A15: 9 | B15: PP - 1512 | C15: Risers 1/2"(15MM)x12"(300MM) | D15: 10 | E15: 300 | F15: 9500 | G15: 33000 | L15: =SUM(F15:K15) -> 42500 | M15: 142
A16: 9A | B16: PH - 1512 | C16: 300 x 15MM Ply Riser. | D16: 10 | E16: 300 | F16: 16000 | L16: =SUM(F16:K16) -> 16000 | M16: 54
A17: 10 | B17: PPA - 1506 | C17: 150 x 15MM Articulated P.Riser. | D17: 10 | E17: 130 | F17: 5200 | K17: 2990 | L17: =SUM(F17:K17) -> 8190 | M17: =L17/E17 -> 63
A18: 11 | B18: PPA - 1508 | C18: 200 x 15MM Articulated P.Riser | D18: 10 | E18: 110 | G18: 4950 | K18: 6050 | L18: =SUM(F18:K18) -> 11000 | M18: =L18/E18 -> 100
A19: 12 | B19: PPA - 1512 | C19: Articulated Riser 1/2"(15mm)x300MM | D19: 10 | E19: 80 | F19: 7200 | G19: 5840 | K19: 11840 | L19: =SUM(F19:K19) -> 24880 | M19: =L19/E19 -> 311
A20: 13 | B20: FFC - 15 | C20: F/F Couplings 1/2"(15MM) | D20: 100 | E20: 1200 | F20: 54000 | G20: 97200 | L20: =SUM(F20:K20) -> 151200 | M20: =L20/E20 -> 126
A21: 14 | B21: MFE - 15 | C21: M/F Elbow 1/2" (15MM) | D21: 100 | E21: 1000 | F21: 45000 | L21: =SUM(F21:K21) -> 45000 | M21: =L21/E21 -> 45
A22: 15 | B22: CAP - 15 | C22: 15MM F.I.Cap. | D22: 50 | E22: 2800 | F22: 22400 | G22: 14000 | L22: =SUM(F22:K22) -> 36400 | M22: =L22/E22 -> 13
A23: 16 | B23: CUTPL - 15 | C23: 15MM Rigid Cut Off Riser. | D23: 50 | E23: 550 | F23: 27500 | L23: =SUM(F23:K23) -> 27500 | M23: =L23/E23 -> 50
A24: 17 | B24: PP - 2008 | C24: 200 x 20MM Poly Riser. | D24: 10 | E24: 330 | J24: 2640 | L24: =SUM(F24:K24) -> 2640 | M24: =L24/E24 -> 8
A25: 18 | B25: PP/PH - 2010 | C25: Riser 240x20MM Spacer Meter | D25: 10 | E25: 270 | H25: 9990 | I25: 9990 | L25: =SUM(F25:K25) -> 19980 | M25: =L25/E25 -> 74
A26: 18A | B26: 90447000 | C26: Philmac spacer Meter 20 x 240 | D26: 10 | E26: 270 | J26: 19710 | L26: =SUM(F26:K26) -> 19710 | M26: =L26/E26 -> 73
A27: 19 | B27: PP - 2012 | C27: 300 x 20MM Poly Riser. | D27: 10 | E27: 230 | J27: 9660 | L27: =SUM(F27:K27) -> 9660 | M27: =L27/E27 -> 42
A28: 19A | B28: 90442300 | C28: Philmac 300 x 20MM Riser | D28: 10 | E28: 230 | J28: 10120 | L28: =SUM(F28:K28) -> 10120 | M28: =L28/E28 -> 44
A29: 20 | B29: PPA - 2008 | C29: 200 x 20MM Artic Riser. | D29: 5 | E29: 75 | J29: 3000 | K29: 3000 | L29: =SUM(F29:K29) -> 6000 | M29: =L29/E29 -> 80
A30: 21 | B30: PPA - 2012 | C30: 300 x 20MM Artic Riser | D30: 5 | E30: 50 | J30: 9400 | K30: 5000 | L30: =SUM(F30:K30) -> 14400 | M30: =L30/E30 -> 288
A31: 22 | B31: MFE - 20 | C31: M/F Elbow 20MM | D31: 50 | E31: 600 | J31: 28200 | L31: =SUM(F31:K31) -> 28200 | M31: =L31/E31 -> 47
A32: 23 | B32: MJC - 18 | C32: 15MM x 1/8" Micro Spray cap | D32: 50 | E32: 2000 | J32: 16000 | L32: =SUM(F32:K32) -> 16000 | M32: =L32/E32 -> 8
A33: 24 | B33: SPASTO | C33: Shrub Adaptor Toro Head | D33: 100 | E33: 2000 | J33: 18000 | L33: =SUM(F33:K33) -> 18000 | M33: =L33/E33 -> 9
A34: 25 | B34: MFA - 15 | C34: 15MM M/F Adaptors. | D34: 50 | E34: 1750 | J34: 40250 | L34: =SUM(F34:K34) -> 40250 | M34: =L34/E34 -> 23
A35: 26 | B35: SMFE - 15 | C35: M/F Elbow | D35: 50 | E35: 800 | L35: =SUM(F35:K35) -> 0 | M35: =L35/E35 -> 0
D36: TOTAL | F36: =SUM(F6:F35) -> 353600 | G36: =SUM(G6:G35) -> 333090 | H36: =SUM(H6:H35) -> 9990 | I36: =SUM(I6:I35) -> 9990 | J36: =SUM(J6:J35) -> 207380 | K36: =SUM(K6:K35) -> 150080 | L36: =SUM(L6:L35) -> 1064130 | M36: =SUM(M6:M35) -> 2056

Sheet Moulded-2008
A1: 2008 INVOICE No: | F1: 07-08/2741 | G1: 07-08/2768 | H1: 08-09/2774 | I1: 08-09/2779 | J1: 08-09/2781 | K1: TOTAL
A2: DATE | F2: 08.02.2008 | G2: 24.09.2008 | H2: 20.10.2008 | I2: 24.11.2008 | J2: 19.12.2008
A3: Sr. No. | B3: CODE | C3: DESCRIPTION | D3: PACKING
D4: UNIT | E4: BOX | F4: PIECES | G4: PIECES | H4: PIECES | I4: PIECES | J4: PIECES | K4: PIECES | L4: BOXES
A6: 1 | B6: PP - 1501 | C6: 25 x 15MM Poly Riser | D6: 100 | E6: 2800 | F6: 112000 | G6: 50400 | K6: =SUM(F6:J6) -> 162400 | L6: =K6/E6 -> 58
A7: 2 | B7: PP - 1502 | C7: 50X15 MM Poly Eriser | D7: 50 | E7: 2800 | K7: =SUM(F7:J7) -> 0 | L7: =K7/E7 -> 0
A8: 3 | B8: PP - 1503 | C8: 80 x 15MM Poly Riser | D8: 50 | E8: 1100 | G8: 19800 | I8: 17600 | K8: =SUM(F8:J8) -> 37400 | L8: =K8/E8 -> 34
A9: 4 | B9: PP - 1504 | C9: 100 x 15MM Poly Riser. | D9: 50 | E9: 1000 | F9: 1000 | G9: 10000 | I9: 10000 | K9: =SUM(F9:J9) -> 21000 | L9: =K9/E9 -> 21
A10: 5 | B10: PP - 1505 | C10: 125 X 15 MM Poly Riser | D10: 50 | E10: 800 | K10: =SUM(F10:J10) -> 0 | L10: =K10/E10 -> 0
A11: 6 | B11: PP - 1506 | C11: 150 x 15MM Poly Riser. | D11: 50 | E11: 600 | G11: 20400 | H11: 7800 | I11: 7200 | K11: =SUM(F11:J11) -> 35400 | L11: =K11/E11 -> 59
A12: 6A | B12: PH - 1506 | C12: 150x15 MM Poly Riser | D12: 50 | E12: 600 | K12: =SUM(F12:J12) -> 0 | L12: =K12/E12 -> 0
A13: 7 | B13: PP - 1508 | C13: 200 x 15MM Poly Riser. | D13: 10 | E13: 400 | G13: 10000 | H13: 8000 | K13: =SUM(F13:J13) -> 18000 | L13: =K13/E13 -> 45
A14: 8 | B14: PP - 1509 | C14: 225 x 15MM Poly Riser. | D14: 10 | E14: 400 | H14: 20400 | K14: =SUM(F14:J14) -> 20400 | L14: =K14/E14 -> 51
A15: 9 | B15: PP - 1512 | C15: Risers 1/2"(15MM)x12"(300MM) | D15: 10 | E15: 300 | K15: =SUM(F15:J15) -> 0 | L15: =K15/E15 -> 0
A16: 9A | B16: PH - 1512 | C16: 300 x 15MM Ply Riser. | D16: 10 | E16: 300 | K16: =SUM(F16:J16) -> 0 | L16: =K16/E16 -> 0
A17: 10 | B17: PPA - 1506 | C17: 150 x 15MM Articulated P.Riser. | D17: 10 | E17: 130 | G17: 2080 | K17: =SUM(F17:J17) -> 2080 | L17: =K17/E17 -> 16
A18: 11 | B18: PPA - 1508 | C18: 200 x 15MM Articulated P.Riser | D18: 10 | E18: 110 | G18: 3080 | K18: =SUM(F18:J18) -> 3080 | L18: =K18/E18 -> 28
A19: 12 | B19: PPA - 1512 | C19: Articulated Riser 1/2"(15mm)x300MM | D19: 10 | E19: 80 | F19: 13200 | G19: 5040 | K19: =SUM(F19:J19) -> 18240 | L19: =K19/E19 -> 228
A20: 13 | B20: FFC - 15 | C20: F/F Couplings 1/2"(15MM) | D20: 100 | E20: 1200 | F20: 57600 | G20: 20400 | I20: 70800 | K20: =SUM(F20:J20) -> 148800 | L20: =K20/E20 -> 124
A21: 14 | B21: MFE - 15 | C21: M/F Elbow 1/2" (15MM) | D21: 100 | E21: 1000 | F21: 20000 | G21: 10000 | J21: 14400 | K21: =SUM(F21:J21) -> 44400 | L21: 45
A22: 15 | B22: CAP - 15 | C22: 15MM F.I.Cap. | D22: 50 | E22: 2800 | F22: 16800 | G22: 5600 | I22: 22400 | J22: 11200 | K22: =SUM(F22:J22) -> 56000 | L22: =K22/E22 -> 20
A23: 16 | B23: CUTPL - 15 | C23: 15MM Rigid Cut Off Riser. | D23: 50 | E23: 550 | F23: 14850 | G23: 4950 | I23: 14850 | K23: =SUM(F23:J23) -> 34650 | L23: =K23/E23 -> 63
A24: 17 | B24: PP - 2008 | C24: 200 x 20MM Poly Riser. | D24: 10 | E24: 330 | K24: =SUM(F24:J24) -> 0 | L24: =K24/E24 -> 0
A25: 18 | B25: PP/PH - 2010 | C25: Riser 240x20MM Spacer Meter | D25: 10 | E25: 270 | H25: 5130 | K25: =SUM(F25:J25) -> 5130 | L25: =K25/E25 -> 19
A26: 18A | B26: 90447000 | C26: Philmac spacer Meter 20 x 240 | D26: 10 | E26: 270 | K26: =SUM(F26:J26) -> 0 | L26: =K26/E26 -> 0
A27: 19 | B27: PP - 2012 | C27: 300 x 20MM Poly Riser. | D27: 10 | E27: 230 | G27: 2070 | H27: 5750 | K27: =SUM(F27:J27) -> 7820 | L27: =K27/E27 -> 34
A28: 19A | B28: 90442300 | C28: Philmac 300 x 20MM Riser | D28: 10 | E28: 230 | K28: =SUM(F28:J28) -> 0 | L28: =K28/E28 -> 0
A29: 20 | B29: PPA - 2008 | C29: 200 x 20MM Artic Riser. | D29: 5 | E29: 75 | K29: =SUM(F29:J29) -> 0 | L29: =K29/E29 -> 0
A30: 21 | B30: PPA - 2012 | C30: 300 x 20MM Artic Riser | D30: 5 | E30: 50 | G30: 3000 | H30: 3000 | K30: =SUM(F30:J30) -> 6000 | L30: =K30/E30 -> 120
A31: 22 | B31: MFE - 20 | C31: M/F Elbow 20MM | D31: 50 | E31: 600 | K31: =SUM(F31:J31) -> 0 | L31: =K31/E31 -> 0
A32: 23 | B32: MJC - 18 | C32: 15MM x 1/8" Micro Spray cap | D32: 50 | E32: 2000 | J32: 16000 | K32: =SUM(F32:J32) -> 16000 | L32: =K32/E32 -> 8
A33: 24 | B33: SPASTO | C33: Shrub Adaptor Toro Head | D33: 100 | E33: 2000 | J33: 16000 | K33: =SUM(F33:J33) -> 16000 | L33: =K33/E33 -> 8
A34: 25 | B34: MFA - 15 | C34: 15MM M/F Adaptors. | D34: 50 | E34: 1750 | G34: 17500 | I34: 10500 | J34: 8750 | K34: =SUM(F34:J34) -> 36750 | L34: =K34/E34 -> 21
D35: TOTAL | F35: =SUM(F6:F34) -> 235450 | G35: =SUM(G6:G34) -> 184320 | H35: =SUM(H6:H34) -> 50080 | I35: =SUM(I6:I34) -> 153350 | J35: =SUM(J6:J34) -> 66350 | K35: =SUM(K6:K34) -> 689550 | L35: =SUM(L6:L34) -> 1002

Sheet Moulded-2009
A1: 2009 INVOICE No: | F1: 09-10/2805 | G1: 09-10/2815 | H1: 09-10/2819 | I1: 09-10/2822 | J1: 09-10/2828 | K1: 09-10/2833 | L1: 09-10/2836 | M1: TOTAL
A2: DATE | F2: 11.06.2009 | G2: 04.08.2009 | H2: 28.08.2009 | I2: 21.09.2009 | J2: 28.10.2009 | K2: 01.12.2009 | L2: 21.12.2009
A3: Sr. No. | B3: CODE | C3: DESCRIPTION | D3: PACKING
D4: UNIT | E4: BOX | F4: PIECES | G4: PIECES | H4: PIECES | I4: PIECES | J4: PIECES | K4: PIECES | L4: PIECES | M4: PIECES | N4: BOXES
A6: 1 | B6: PP - 1501 | C6: 25 x 15MM Poly Riser | D6: 100 | E6: 2800 | M6: =SUM(F6:L6) -> 0 | N6: =M6/E6 -> 0
A7: 2 | B7: PP - 1502 | C7: 50X15 MM Poly Eriser | D7: 100 | E7: 2800 | M7: =SUM(F7:L7) -> 0 | N7: =M7/E7 -> 0
A8: 3 | B8: PP - 1503 | C8: 80 x 15MM Poly Riser | D8: 50 | E8: 1100 | F8: 5500 | G8: 15400 | H8: 6600 | I8: 3300 | K8: 4400 | L8: 9900 | M8: =SUM(F8:L8) -> 45100 | N8: =M8/E8 -> 41
A9: 4 | B9: PP - 1504 | C9: 100 x 15MM Poly Riser. | D9: 50 | E9: 1000 | F9: 10000 | G9: 10000 | H9: 5000 | K9: 22000 | M9: =SUM(F9:L9) -> 47000 | N9: =M9/E9 -> 47
A10: 5 | B10: PP - 1505 | C10: 125 X 15 MM Poly Riser | D10: 50 | E10: 800 | M10: =SUM(F10:L10) -> 0 | N10: =M10/E10 -> 0
A11: 6 | B11: PP - 1506 | C11: 150 x 15MM Poly Riser. | D11: 50 | E11: 600 | F11: 10200 | G11: 12600 | I11: 5400 | M11: =SUM(F11:L11) -> 28200 | N11: =M11/E11 -> 47
A12: 6A | B12: PH - 1506 | C12: 150x15 MM Poly Riser | D12: 50 | E12: 600 | F12: 4800 | M12: =SUM(F12:L12) -> 4800 | N12: =M12/E12 -> 8
A13: 7 | B13: PP - 1508 | C13: 200 x 15MM Poly Riser. | D13: 10 | E13: 400 | M13: =SUM(F13:L13) -> 0 | N13: =M13/E13 -> 0
A14: 8 | B14: PP - 1509 | C14: 225 x 15MM Poly Riser. | D14: 10 | E14: 400 | F14: 10000 | G14: 6000 | H14: 12000 | I14: 3600 | J14: 1600 | K14: 2000 | L14: 7200 | M14: =SUM(F14:L14) -> 42400 | N14: =M14/E14 -> 106
A15: 9 | B15: PP - 1512 | C15: Risers 1/2"(15MM)x12"(300MM) | D15: 10 | E15: 300 | M15: =SUM(F15:L15) -> 0 | N15: =M15/E15 -> 0
A16: 9A | B16: PH - 1512 | C16: 300 x 15MM Ply Riser. | D16: 10 | E16: 300 | M16: =SUM(F16:L16) -> 0 | N16: =M16/E16 -> 0
A17: 10 | B17: PPA - 1506 | C17: 150 x 15MM Articulated P.Riser. | D17: 10 | E17: 130 | I17: 1950 | M17: =SUM(F17:L17) -> 1950 | N17: =M17/E17 -> 15
A18: 11 | B18: PPA - 1508 | C18: 200 x 15MM Articulated P.Riser | D18: 10 | E18: 110 | F18: 2970 | H18: 3630 | I18: 1430 | L18: 2750 | M18: =SUM(F18:L18) -> 10780 | N18: =M18/E18 -> 98
A19: 12 | B19: PPA - 1512 | C19: Articulated Riser 1/2"(15mm)x300MM | D19: 10 | E19: 80 | M19: =SUM(F19:L19) -> 0 | N19: =M19/E19 -> 0
A20: 13 | B20: FFC - 15 | C20: F/F Couplings 1/2"(15MM) | D20: 100 | E20: 1200 | F20: 9600 | G20: 50400 | H20: 16800 | I20: 27600 | J20: 6000 | K20: 14400 | L20: 18000 | M20: =SUM(F20:L20) -> 142800 | N20: =M20/E20 -> 119
A21: 14 | B21: MFE - 15 | C21: M/F Elbow 1/2" (15MM) | D21: 100 | E21: 1000 | G21: 12000 | I21: 10000 | M21: =SUM(F21:L21) -> 22000 | N21: =M21/E21 -> 22
A22: 15 | B22: CAP - 15 | C22: 15MM F.I.Cap. | D22: 50 | E22: 2800 | G22: 11200 | I22: 14000 | K22: 5600 | M22: =SUM(F22:L22) -> 30800 | N22: =M22/E22 -> 11
A23: 16 | B23: CUTPL - 15 | C23: 15MM Rigid Cut Off Riser. | D23: 50 | E23: 550 | F23: 5500 | G23: 4950 | H23: 2200 | I23: 3300 | K23: 16500 | M23: =SUM(F23:L23) -> 32450 | N23: =M23/E23 -> 59
A24: 17 | B24: PP - 2008 | C24: 200 x 20MM Poly Riser. | D24: 10 | E24: 330 | M24: =SUM(F24:L24) -> 0 | N24: =M24/E24 -> 0
A25: 18 | B25: PP - 2010 | C25: Riser 240x20MM Spacer Meter | D25: 10 | E25: 270 | M25: =SUM(F25:L25) -> 0 | N25: =M25/E25 -> 0
A26: 18A | B26: 90447000 | C26: Philmac spacer Meter 20 x 240 | D26: 10 | E26: 270 | F26: 5400 | G26: 4590 | M26: =SUM(F26:L26) -> 9990 | N26: =M26/E26 -> 37
A27: 19 | B27: PP - 2012 | C27: 300 x 20MM Poly Riser. | D27: 10 | E27: 230 | H27: 2990 | M27: =SUM(F27:L27) -> 2990 | N27: =M27/E27 -> 13
A28: 19A | B28: 90442300 | C28: Philmac 300 x 20MM Riser | D28: 10 | E28: 230 | M28: =SUM(F28:L28) -> 0 | N28: =M28/E28 -> 0
A29: 20 | B29: PPA - 2008 | C29: 200 x 20MM Artic Riser. | D29: 5 | E29: 75 | K29: 3000 | M29: =SUM(F29:L29) -> 3000 | N29: =M29/E29 -> 40
A30: 21 | B30: PPA - 2012 | C30: 300 x 20MM Artic Riser | D30: 5 | E30: 50 | H30: 750 | I30: 1250 | J30: 1500 | M30: =SUM(F30:L30) -> 3500 | N30: =M30/E30 -> 70
A31: 22 | B31: MFE - 20 | C31: M/F Elbow 20MM | D31: 50 | E31: 600 | M31: =SUM(F31:L31) -> 0 | N31: =M31/E31 -> 0
A32: 23 | B32: MJC - 18 | C32: 15MM x 1/8" Micro Spray cap | D32: 50 | E32: 2000 | M32: =SUM(F32:L32) -> 0 | N32: =M32/E32 -> 0
A33: 24 | B33: SPASTO | C33: Shrub Adaptor Toro Head | D33: 100 | E33: 2000 | M33: =SUM(F33:L33) -> 0 | N33: =M33/E33 -> 0
A34: 25 | B34: MFA - 15 | C34: 15MM M/F Adaptors. | D34: 50 | E34: 1750 | G34: 10500 | I34: 10500 | M34: =SUM(F34:L34) -> 21000 | N34: =M34/E34 -> 12
D35: TOTAL | F35: =SUM(F6:F34) -> 63970 | G35: =SUM(G6:G34) -> 137640 | H35: =SUM(H6:H34) -> 49970 | I35: =SUM(I6:I34) -> 82330 | J35: =SUM(J6:J34) -> 9100 | K35: =SUM(K6:K34) -> 67900 | L35: =SUM(L6:L34) -> 37850 | M35: =SUM(M6:M34) -> 448760 | N35: =SUM(N6:N34) -> 745

Sheet Moulded-2010
A1: 2010 INVOICE No: | F1: 09-10/2839 | G1: 345774 | H1: 09-10/2850 | I1: 348362 | J1: 349823 | K1: 351649 | L1: 352745 | M1: 354571 | N1: 355302 | O1: 355667 | P1: 356032 | Q1: 356397 | R1: 357128
A2: DATE | F2: 11.01.2010 | G2: 10.02.2010 | H2: 26.03.2010 | I2: 24.6.2010 | J2: 04.8.2010 | K2: 7.9.2010 | L2: 28.9.2010 | M2: 13.10.2010 | N2: 18.10.2010 | O2: 10.11.2010 | P2: 17./11.2010 | Q2: 24.11.2010 | R2: 22.12.2010
A3: Sr. No. | B3: CODE | C3: DESCRIPTION | D3: PACKING | S3: TOTAL
D4: UNIT | E4: BOX | F4: PIECES | G4: PIECES | H4: PIECES | I4: PIECES | J4: PIECES | K4: PIECES | L4: PIECES | M4: PIECES | N4: PIECES | O4: PIECES | P4: PIECES | Q4: PIECES | R4: PIECES | S4: PIECES | T4: BOXES
A6: 1 | B6: PP - 1501 | C6: 25 x 15MM Poly Riser | D6: 100 | E6: 2800 | S6: =SUM(F6:R6) -> 0 | T6: =S6/E6 -> 0
A7: 2 | B7: PP - 1502 | C7: 50X15 MM Poly Eriser | D7: 100 | E7: 2800 | S7: =SUM(F7:R7) -> 0 | T7: =S7/E7 -> 0
A8: 3 | B8: PP - 1503 | C8: 80 x 15MM Poly Riser | D8: 50 | E8: 1100 | F8: 29700 | L8: 9900 | Q8: 11000 | S8: =SUM(F8:R8) -> 50600 | T8: =S8/E8 -> 46
A9: 4 | B9: PP - 1504 | C9: 100 x 15MM Poly Riser. | D9: 50 | E9: 1000 | F9: 9000 | K9: 15000 | Q9: 11000 | R9: 6000 | S9: =SUM(F9:R9) -> 41000 | T9: =S9/E9 -> 41
A10: 5 | B10: PP - 1505 | C10: 125 X 15 MM Poly Riser | D10: 50 | E10: 800 | L10: 4000 | M10: 12800 | Q10: 3200 | R10: 2400 | S10: =SUM(F10:R10) -> 22400 | T10: =S10/E10 -> 28
A11: 6 | B11: PP - 1506 | C11: 150 x 15MM Poly Riser. | D11: 50 | E11: 600 | H11: 27000 | I11: 9000 | S11: =SUM(F11:R11) -> 36000 | T11: =S11/E11 -> 60
A12: 6A | B12: PH - 1506 | C12: 150x15 MM Poly Riser | D12: 50 | E12: 600 | I12: 5400 | Q12: 3600 | R12: 1200 | S12: =SUM(F12:R12) -> 10200 | T12: =S12/E12 -> 17
A13: 7 | B13: PP - 1508 | C13: 200 x 15MM Poly Riser. | D13: 10 | E13: 400 | I13: 2800 | K13: 2000 | M13: 3200 | Q13: 3600 | S13: =SUM(F13:R13) -> 11600 | T13: =S13/E13 -> 29
A14: 8 | B14: PP - 1509 | C14: 225 x 15MM Poly Riser. | D14: 10 | E14: 400 | F14: 8000 | G14: 2800 | H14: 6400 | K14: 6400 | M14: 20000 | Q14: 2000 | S14: =SUM(F14:R14) -> 45600 | T14: =S14/E14 -> 114
A15: 9 | B15: PP - 1512 | C15: Risers 1/2"(15MM)x12"(300MM) | D15: 10 | E15: 300 | I15: 28500 | S15: =SUM(F15:R15) -> 28500 | T15: =S15/E15 -> 95
A16: 9A | B16: PH - 1512 | C16: 300 x 15MM Ply Riser. | D16: 10 | E16: 300 | S16: =SUM(F16:R16) -> 0 | T16: =S16/E16 -> 0
A17: 10 | B17: PPA - 1506 | C17: 150 x 15MM Articulated P.Riser. | D17: 10 | E17: 130 | H17: 1040 | Q17: 1950 | S17: =SUM(F17:R17) -> 2990 | T17: =S17/E17 -> 23
A18: 11 | B18: PPA - 1508 | C18: 200 x 15MM Articulated P.Riser | D18: 10 | E18: 110 | F18: 3300 | H18: 2200 | K18: 3630 | L18: 2200 | M18: 3300 | R18: 550 | S18: =SUM(F18:R18) -> 15180 | T18: =S18/E18 -> 138
A19: 12 | B19: PPA - 1512 | C19: Articulated Riser 1/2"(15mm)x300MM | D19: 10 | E19: 80 | J19: 2320 | Q19: 4480 | R19: 6800 | S19: =SUM(F19:R19) -> 13600 | T19: =S19/E19 -> 170
A20: 13 | B20: FFC - 15 | C20: F/F Couplings 1/2"(15MM) | D20: 100 | E20: 1200 | F20: 6000 | G20: 52800 | H20: 18000 | I20: 40800 | L20: 20400 | M20: 6000 | Q20: 18000 | R20: 24000 | S20: =SUM(F20:R20) -> 186000 | T20: =S20/E20 -> 155
A21: 14 | B21: MFE - 15 | C21: M/F Elbow 1/2" (15MM) | D21: 100 | E21: 1000 | F21: 5000 | G21: 16000 | Q21: 12000 | R21: 12000 | S21: =SUM(F21:R21) -> 45000 | T21: =S21/E21 -> 45
A22: 15 | B22: CAP - 15 | C22: 15MM F.I.Cap. | D22: 50 | E22: 2800 | F22: 14000 | G22: 14000 | K22: 5600 | Q22: 14000 | R22: 8400 | S22: =SUM(F22:R22) -> 56000 | T22: =S22/E22 -> 20
A23: 16 | B23: CUTPL - 15 | C23: 15MM Rigid Cut Off Riser. | D23: 50 | E23: 550 | F23: 16500 | S23: =SUM(F23:R23) -> 16500 | T23: =S23/E23 -> 30
A24: 17 | B24: PP - 2008 | C24: 200 x 20MM Poly Riser. | D24: 10 | E24: 330 | S24: =SUM(F24:R24) -> 0 | T24: =S24/E24 -> 0
A25: 18 | B25: PP - 2010 | C25: Riser 240x20MM Spacer Meter | D25: 10 | E25: 270 | S25: =SUM(F25:R25) -> 0 | T25: =S25/E25 -> 0
A26: 18A | B26: 90447000 | C26: Philmac spacer Meter 20 x 240 | D26: 10 | E26: 270 | F26: 5130 | H26: 3780 | I26: 8100 | N26: 2160 | O26: 2430 | P26: 2700 | Q26: 2700 | R26: 1620 | S26: =SUM(F26:R26) -> 28620 | T26: =S26/E26 -> 106
A27: 19 | B27: PP - 2012 | C27: 300 x 20MM Poly Riser. | D27: 10 | E27: 230 | H27: 6900 | Q27: 1380 | R27: 1610 | S27: =SUM(F27:R27) -> 9890 | T27: =S27/E27 -> 43
A28: 19A | B28: 90442300 | C28: Philmac 300 x 20MM Riser | D28: 10 | E28: 230 | I28: 9200 | S28: =SUM(F28:R28) -> 9200 | T28: =S28/E28 -> 40
A29: 20 | B29: PPA - 2008 | C29: 200 x 20MM Artic Riser. | D29: 5 | E29: 75 | H29: 750 | M29: 525 | S29: =SUM(F29:R29) -> 1275 | T29: =S29/E29 -> 17
A30: 21 | B30: PPA - 2012 | C30: 300 x 20MM Artic Riser | D30: 5 | E30: 50 | H30: 3000 | K30: 2000 | L30: 4000 | M30: 4500 | Q30: 2400 | S30: =SUM(F30:R30) -> 15900 | T30: =S30/E30 -> 318
A31: 22 | B31: MFE - 20 | C31: M/F Elbow 20MM | D31: 50 | E31: 600 | K31: 6000 | S31: =SUM(F31:R31) -> 6000 | T31: =S31/E31 -> 10
A32: 23 | B32: MJC - 18 | C32: 15MM x 1/8" Micro Spray cap | D32: 50 | E32: 2000 | S32: =SUM(F32:R32) -> 0 | T32: =S32/E32 -> 0
A33: 24 | B33: SPASTO | C33: Shrub Adaptor Toro Head | D33: 100 | E33: 2000 | S33: =SUM(F33:R33) -> 0 | T33: =S33/E33 -> 0
A34: 25 | B34: MFA - 15 | C34: 15MM M/F Adaptors. | D34: 50 | E34: 1750 | G34: 7000 | H34: 21000 | Q34: 7000 | R34: 15750 | S34: =SUM(F34:R34) -> 50750 | T34: =S34/E34 -> 29
D35: TOTAL | F35: =SUM(F6:F34) -> 96630 | G35: =SUM(G6:G34) -> 92600 | H35: =SUM(H6:H34) -> 90070 | I35: =SUM(I6:I34) -> 103800 | J35: =SUM(J6:J34) -> 2320 | K35: =SUM(K6:K34) -> 40630 | L35: =SUM(L6:L34) -> 40500 | M35: =SUM(M6:M34) -> 50325 | ... P35: =SUM(P6:P34) -> 2700 | Q35: =SUM(Q7:Q34) -> 98310 | R35: =SUM(R8:R34) -> 80330 | S35: =SUM(F35:R35) -> 702805 | T35: =SUM(T6:T34) -> 1574

Sheet Moulded-2011
A1: 2011 INVOICE No: | F1: 2882 | G1: 2887 | H1: 2895 | I1: 2897 | J1: 2904 | K1: 2907 | L1: 2913 | N1: TOTAL
A2: DATE | F2: 09.02.11 | G2: 09.05.11 | H2: 12.07.11 | I2: 23.08.11 | J2: 28.09.11 | K2: 19.10.11 | L2: 07.12.11 | N2: PCS | O2: BOX
D3: PKGS | F3: 430 | G3: 479 | H3: 483 | I3: 503 | J3: 478 | K3: 483 | L3: 500
A4: Sr. No. | B4: CODE | C4: DESCRIPTION | D4: PACKING
D5: UNIT | E5: BOX
A7: 1 | B7: PP - 1501 | C7: 25 x 15MM Poly Riser | D7: 100 | E7: 2800 | N7: =SUM(F7:M7) -> 0 | O7: =N7/E7 -> 0
A8: 2 | B8: PP - 1502 | C8: 50X15 MM Poly Eriser | D8: 100 | E8: 2800 | N8: =SUM(F8:M8) -> 0 | O8: =N8/E8 -> 0
A9: 3 | B9: PP - 1503 | C9: 80 x 15MM Poly Riser | D9: 50 | E9: 1100 | F9: 3300 | G9: 5500 | I9: 22000 | K9: 9900 | L9: 5500 | N9: =SUM(F9:M9) -> 46200 | O9: =N9/E9 -> 42
A10: 4 | B10: PP - 1504 | C10: 100 x 15MM Poly Riser. | D10: 50 | E10: 1000 | G10: 5000 | H10: 10000 | I10: 15000 | L10: 6000 | N10: =SUM(F10:M10) -> 36000 | O10: =N10/E10 -> 36
A11: 5 | B11: PP - 1505 | C11: 125 X 15 MM Poly Riser | D11: 50 | E11: 800 | I11: 6400 | L11: 8800 | N11: =SUM(F11:M11) -> 15200 | O11: =N11/E11 -> 19
A12: 6 | B12: PP - 1506 | C12: 150 x 15MM Poly Riser. | D12: 50 | E12: 600 | G12: 6000 | H12: 7800 | I12: 7200 | K12: 5400 | L12: 9600 | N12: =SUM(F12:M12) -> 36000 | O12: =N12/E12 -> 60
A13: 6A | B13: PH - 1506 | C13: 150x15 MM Poly Riser | D13: 50 | E13: 600 | K13: 1200 | L13: 1200 | N13: =SUM(F13:M13) -> 2400 | O13: =N13/E13 -> 4
A14: 7 | B14: PP - 1508 | C14: 200 x 15MM Poly Riser. | D14: 10 | E14: 400 | I14: 4000 | K14: 1200 | L14: 2000 | N14: =SUM(F14:M14) -> 7200 | O14: =N14/E14 -> 18
A15: 8 | B15: PP - 1509 | C15: 225 x 15MM Poly Riser. | D15: 10 | E15: 400 | G15: 8000 | H15: 1200 | I15: 12000 | K15: 12000 | N15: =SUM(F15:M15) -> 33200 | O15: =N15/E15 -> 83
A16: 9 | B16: PP - 1512 | C16: Risers 1/2"(15MM)x12"(300MM) | D16: 10 | E16: 300 | H16: 12000 | J16: 29100 | K16: 11700 | N16: =SUM(F16:M16) -> 52800 | O16: =N16/E16 -> 176
A17: 9A | B17: PH - 1512 | C17: 300 x 15MM Ply Riser. | D17: 10 | E17: 300 | K17: 3900 | N17: =SUM(F17:M17) -> 3900 | O17: =N17/E17 -> 13
A18: 10 | B18: PPA - 1506 | C18: 150 x 15MM Articulated P.Riser. | D18: 10 | E18: 130 | F18: 1300 | G18: 650 | H18: 1300 | I18: 1300 | K18: 780 | N18: =SUM(F18:M18) -> 5330 | O18: =N18/E18 -> 41
A19: 11 | B19: PPA - 1508 | C19: 200 x 15MM Articulated P.Riser | D19: 10 | E19: 110 | F19: 3300 | I19: 3740 | J19: 440 | K19: 4070 | N19: =SUM(F19:M19) -> 11550 | O19: =N19/E19 -> 105
A20: 12 | B20: PPA - 1512 | C20: Articulated Riser 1/2"(15mm)x300MM | D20: 10 | E20: 80 | K20: 2400 | N20: =SUM(F20:M20) -> 2400 | O20: =N20/E20 -> 30
A21: 13 | B21: FFC - 15 | C21: F/F Couplings 1/2"(15MM) | D21: 100 | E21: 1200 | G21: 8400 | H21: 6000 | I21: 12000 | J21: 8400 | K21: 3600 | L21: 40800 | N21: =SUM(F21:M21) -> 79200 | O21: =N21/E21 -> 66
A22: 14 | B22: MFE - 15 | C22: M/F Elbow 1/2" (15MM) | D22: 100 | E22: 1000 | G22: 10000 | I22: 5000 | K22: 10000 | L22: 2000 | N22: =SUM(F22:M22) -> 27000 | O22: =N22/E22 -> 27
A23: 15 | B23: CAP - 15 | C23: 15MM F.I.Cap. | D23: 50 | E23: 2800 | G23: 5600 | I23: 14000 | K23: 11200 | L23: 5600 | N23: =SUM(F23:M23) -> 36400 | O23: =N23/E23 -> 13
A24: 16 | B24: CUTPL - 15 | C24: 15MM Rigid Cut Off Riser. | D24: 50 | E24: 550 | H24: 12650 | I24: 3850 | K24: 5500 | L24: 4950 | N24: =SUM(F24:M24) -> 26950 | O24: =N24/E24 -> 49
A25: 16A | B25: CUT-15 | C25: 15 MM Flexi Cut-Off Riser | D25: 50 | E25: 550 | G25: 5500 | I25: 6600 | J25: 3300 | L25: 4950 | N25: =SUM(F25:M25) -> 20350 | O25: =N25/E25 -> 37
A26: 17 | B26: PP - 2008 | C26: 200 x 20MM Poly Riser. | D26: 10 | E26: 330 | N26: =SUM(F26:M26) -> 0 | O26: =N26/E26 -> 0
A27: 18 | B27: PP - 2010 | C27: Riser 240x20MM Spacer Meter | D27: 10 | E27: 270 | N27: =SUM(F27:M27) -> 0 | O27: =N27/E27 -> 0
A28: 18A | B28: 90447000 | C28: Philmac spacer Meter 20 x 240 | D28: 10 | E28: 270 | F28: 10800 | G28: 10800 | H28: 12960 | I28: 3240 | J28: 4050 | N28: =SUM(F28:M28) -> 41850 | O28: =N28/E28 -> 155
A29: 19 | B29: PP - 2012 | C29: 300 x 20MM Poly Riser. | D29: 10 | E29: 230 | G29: 690 | I29: 920 | N29: =SUM(F29:M29) -> 1610 | O29: =N29/E29 -> 7
A30: 19A | B30: 90442300 | C30: Philmac 300 x 20MM Riser | D30: 10 | E30: 230 | N30: =SUM(F30:M30) -> 0 | O30: =N30/E30 -> 0
A31: 20 | B31: PPA - 2008 | C31: 200 x 20MM Artic Riser. | D31: 5 | E31: 75 | F31: 2025 | H31: 1050 | I31: 750 | K31: 1200 | L31: 1200 | N31: =SUM(F31:M31) -> 6225 | O31: =N31/E31 -> 83
A32: 21 | B32: PPA - 2012 | C32: 300 x 20MM Artic Riser | D32: 5 | E32: 50 | G32: 250 | K32: 1000 | N32: =SUM(F32:M32) -> 1250 | O32: =N32/E32 -> 25
A33: 22 | B33: MFE - 20 | C33: M/F Elbow 20MM | D33: 50 | E33: 600 | H33: 6000 | I33: 4800 | J33: 600 | K33: 4800 | L33: 1800 | N33: =SUM(F33:M33) -> 18000 | O33: =N33/E33 -> 30
A34: 23 | B34: MJC - 18 | C34: 15MM x 1/8" Micro Spray cap | D34: 50 | E34: 2000 | N34: =SUM(F34:M34) -> 0 | O34: =N34/E34 -> 0
A35: 24 | B35: SPASTO | C35: Shrub Adaptor Toro Head | D35: 100 | E35: 2000 | N35: =SUM(F35:M35) -> 0 | O35: =N35/E35 -> 0
A36: 25 | B36: MFA - 15 | C36: 15MM M/F Adaptors. | D36: 50 | E36: 1750 | G36: 3500 | I36: 10500 | L36: 10500 | N36: =SUM(F36:M36) -> 24500 | O36: =N36/E36 -> 14
A37: 26 | B37: SPGUARDS | C37: Small Sprinkler Guard | D37: 0 | E37: 360 | L37: 5040 | N37: =SUM(F37:M37) -> 5040 | O37: =N37/E37 -> 14
A38: 27 | B38: SPGUARD | C38: Large Sprinkler Guard | D38: 0 | E38: 150 | L38: 1500 | N38: =SUM(F38:M38) -> 1500 | O38: =N38/E38 -> 10
D39: TOTAL | F39: =SUM(F7:F36) -> 20725 | G39: =SUM(G5:G36) -> 69890 | H39: =SUM(H10:H36) -> 70960 | I39: =SUM(I5:I36) -> 133300 | J39: =SUM(J16:J36) -> 45890 | K39: =SUM(K9:K36) -> 89850 | L39: =SUM(L5:L38) -> 111440 | N39: =SUM(F39:M39) -> 542055 | O39: =SUM(O7:O38) -> 1157

Sheet Moulded-2012
A1: 2012 INVOICE NO | F1: 2916 | G1: 2919 | H1: 2924 | I1: 2927 | J1: 2929 | K1: 2936 | L1: 2938 | M1: 2943 | N1: 2944 | O1: 2949 | P1: 2955 | Q1: 2964 | S1: TOTAL
A2: DATE | F2: 2.1.12 | G2: 17.02.12 | H2: 19.03.12 | I2: 09.04.12 | J2: 26.04.12 | K2: 9.08.12 | L2: 18.06.12 | M2: 30.07.12 | N2: 11.08.12 | O2: 04.09.12 | P2: 16.10.12 | Q2: 10.12.12 | S2: PCS | T2: BOX
D3: PKGS | F3: 445 | G3: 400 | H3: 500 | I3: 9 | J3: 471 | K3: 500 | L3: 8 | M3: 476 | N3: 524 | O3: 451 | P3: 531 | Q3: 422
A4: Sr. No. | B4: CODE | C4: DESCRIPTION | D4: PACKING
D5: UNIT | E5: BOX
A7: 1 | B7: PP - 1501 | C7: 25 x 15MM Poly Riser | D7: 100 | E7: 2800 | F7: 50400 | G7: 28000 | H7: 22400 | J7: 11200 | K7: 28000 | M7: 8400 | N7: 14000 | O7: 5600 | S7: =SUM(F7:Q7) -> 168000 | T7: =S7/E7 -> 60
A8: 3 | B8: PP - 1503 | C8: 80 x 15MM Poly Riser | D8: 50 | E8: 1100 | G8: 15400 | H8: 3300 | M8: 6600 | N8: 5500 | O8: 7700 | Q8: 8800 | S8: =SUM(F8:Q8) -> 47300 | T8: =S8/E8 -> 43
A9: 4 | B9: PP - 1504 | C9: 100 x 15MM Poly Riser. | D9: 50 | E9: 1000 | G9: 6000 | H9: 9000 | K9: 6000 | M9: 5000 | O9: 10000 | Q9: 10000 | S9: =SUM(F9:Q9) -> 46000 | T9: =S9/E9 -> 46
A10: 5 | B10: PP - 1505 | C10: 125 X 15 MM Poly Riser | D10: 50 | E10: 800 | G10: 6400 | H10: 4800 | M10: 3200 | O10: 7200 | Q10: 8000 | S10: =SUM(F10:Q10) -> 29600 | T10: =S10/E10 -> 37
A11: 6 | B11: PP - 1506 | C11: 150 x 15MM Poly Riser. | D11: 50 | E11: 600 | G11: 7200 | H11: 7800 | K11: 4800 | M11: 3600 | N11: 21600 | S11: =SUM(F11:Q11) -> 45000 | T11: =S11/E11 -> 75
A12: 6A | B12: PH - 1506 | C12: 150x15 MM Poly Riser | D12: 50 | E12: 600 | M12: 3000 | N12: 6000 | O12: 1200 | S12: =SUM(F12:Q12) -> 10200 | T12: =S12/E12 -> 17
A13: 7 | B13: PP - 1508 | C13: 200 x 15MM Poly Riser. | D13: 10 | E13: 400 | J13: 2000 | M13: 2000 | O13: 4000 | S13: =SUM(F13:Q13) -> 8000 | T13: =S13/E13 -> 20
A14: 8 | B14: PP - 1509 | C14: 225 x 15MM Poly Riser. | D14: 10 | E14: 400 | G14: 6800 | H14: 8000 | J14: 4400 | K14: 4800 | M14: 4000 | O14: 8000 | Q14: 8000 | S14: =SUM(F14:Q14) -> 44000 | T14: =S14/E14 -> 110
A15: 9 | B15: PP - 1512 | C15: Risers 1/2"(15MM)x12"(300MM) | D15: 10 | E15: 300 | G15: 6000 | H15: 6000 | J15: 3600 | K15: 3900 | M15: 6000 | N15: 3000 | O15: 21000 | Q15: 20100 | S15: =SUM(F15:Q15) -> 69600 | T15: =S15/E15 -> 232
A16: 9A | B16: 90441300 | C16: 90441300 P/Riser MXM 15x15x300 | D16: 10 | E16: 300 | J16: 900 | N16: 1800 | O16: 3300 | P16: 2100 | S16: =SUM(F16:Q16) -> 8100 | T16: =S16/E16 -> 27
A17: 9B | B17: PET 1512 | C17: Full Threadd Roser 15mmx300 MM | D17: 10 | E17: 300 | K17: 2100 | N17: 8100 | S17: =SUM(F17:Q17) -> 10200 | T17: =S17/E17 -> 34
A18: 10 | B18: PPA - 1506 | C18: 150 x 15MM Articulated P.Riser. | D18: 10 | E18: 130 | H18: 910 | J18: 780 | K18: 2340 | M18: 650 | N18: 1300 | S18: =SUM(F18:Q18) -> 5980 | T18: =S18/E18 -> 46
A19: 11 | B19: PPA - 1508 | C19: 200 x 15MM Articulated P.Riser | D19: 10 | E19: 110 | K19: 2640 | M19: 330 | N19: 880 | S19: =SUM(F19:Q19) -> 3850 | T19: =S19/E19 -> 35
A20: 12 | B20: PPA - 1512 | C20: Articulated Riser 1/2"(15mm)x300MM | D20: 10 | E20: 80 | J20: 1520 | K20: 2640 | M20: 1200 | O20: 1840 | P20: 2000 | S20: =SUM(F20:Q20) -> 9200 | T20: =S20/E20 -> 115
A21: 13 | B21: FFC - 15 | C21: F/F Couplings 1/2"(15MM) | D21: 100 | E21: 1200 | F21: 9600 | G21: 15600 | H21: 18000 | K21: 12000 | M21: 18000 | O21: 18000 | S21: =SUM(F21:Q21) -> 91200 | T21: =S21/E21 -> 76
A22: 14 | B22: MFE - 15 | C22: M/F Elbow 1/2" (15MM) | D22: 100 | E22: 1000 | F22: 8000 | M22: 10000 | N22: 10000 | S22: =SUM(F22:Q22) -> 28000 | T22: =S22/E22 -> 28
A23: 15 | B23: CAP - 15 | C23: 15MM F.I.Cap. | D23: 50 | E23: 2800 | G23: 5600 | H23: 8400 | M23: 11200 | O23: 8400 | S23: =SUM(F23:Q23) -> 33600 | T23: =S23/E23 -> 12
A24: 16 | B24: CUTPL - 15 | C24: 15MM Rigid Cut Off Riser. | D24: 50 | E24: 550 | F24: 550 | H24: 5500 | J24: 3850 | K24: 550 | M24: 3300 | O24: 6600 | S24: =SUM(F24:Q24) -> 20350 | T24: =S24/E24 -> 37
A25: 16A | B25: CUT-15 | C25: 15 MM Flexi Cut-Off Riser | D25: 50 | E25: 550 | F25: 550 | H25: 7150 | J25: 3850 | M25: 3850 | O25: 11000 | S25: =SUM(F25:Q25) -> 26400 | T25: =S25/E25 -> 48
A26: 16B | B26: CUTMF 15 | C26: 15 mm M/F Cut off Riser | D26: 10 | E26: 1200 | K26: 6000 | M26: 9600 | O26: 10800 | S26: =SUM(F26:Q26) -> 26400 | T26: =S26/E26 -> 22
A27: 17 | B27: PP - 2008 | C27: 200 x 20MM Poly Riser. | D27: 10 | E27: 330 | K27: 660 | S27: =SUM(F27:Q27) -> 660 | T27: =S27/E27 -> 2
A28: 18A | B28: 90447000 | C28: Philmac spacer Meter 20 x 240 | D28: 10 | E28: 270 | G28: 5400 | H28: 9990 | K28: 7560 | M28: 1620 | N28: 3780 | P28: 3240 | S28: =SUM(F28:Q28) -> 31590 | T28: =S28/E28 -> 117
A29: 19 | B29: PP - 2012 | C29: 300 x 20MM Poly Riser. | D29: 10 | E29: 230 | G29: 1840 | H29: 230 | M29: 2530 | N29: 2530 | S29: =SUM(F29:Q29) -> 7130 | T29: =S29/E29 -> 31
A30: 19A | B30: 90442300 | C30: 90442300 P/Riser MXM 20x20x300 mm | D30: 10 | E30: 230 | K30: 3450 | M30: 690 | N30: 2300 | S30: =SUM(F30:Q30) -> 6440 | T30: =S30/E30 -> 28
A31: 20 | B31: PPA - 2008 | C31: 200 x 20MM Artic Riser. | D31: 5 | E31: 75 | K31: 525 | M31: 225 | O31: 600 | S31: =SUM(F31:Q31) -> 1350 | T31: =S31/E31 -> 18
A32: 21 | B32: PPA - 2012 | C32: 300 x 20MM Artic Riser | D32: 5 | E32: 50 | G32: 400 | J32: 950 | K32: 1150 | M32: 2000 | N32: 2000 | P32: 2000 | S32: =SUM(F32:Q32) -> 8500 | T32: =S32/E32 -> 170
A33: 23 | B33: PP 2512 | C33: 300 x 25MM Poly Riser. | D33: 10 | E33: 160 | F33: 3200 | G33: 1600 | H33: 2720 | M33: 960 | N33: 2080 | P33: 1120 | S33: =SUM(F33:Q33) -> 11680 | T33: =S33/E33 -> 73
A34: 23A | B34: 90443300 | C34: 90443300 P/Riser MXM 25x25x300 mm | D34: 10 | E34: 160 | K34: 3040 | N34: 3040 | P34: 3040 | S34: =SUM(F34:Q34) -> 9120 | T34: =S34/E34 -> 57
A35: 24 | B35: PPA 2512 | C35: Articulated Riser 1"(25 mm)x300MM | D35: 5 | E35: 35 | F35: 770 | G35: 245 | H35: 70 | K35: 315 | M35: 315 | N35: 595 | Q35: 1015 | S35: =SUM(F35:Q35) -> 3325 | T35: =S35/E35 -> 95
A36: 25 | B36: MFE 25 | C36: M/F Elbow 25MM (1") | D36: 50 | E36: 350 | F36: 7700 | G36: 2450 | H36: 5600 | J36: 2100 | M36: 700 | N36: 3150 | O36: 1050 | S36: =SUM(F36:Q36) -> 22750 | T36: =S36/E36 -> 65
A37: 26 | B37: MFA - 15 | C37: 15MM M/F Adaptors. | D37: 50 | E37: 1750 | J37: 10500 | K37: 7000 | M37: 5250 | N37: 10500 | S37: =SUM(F37:Q37) -> 33250 | T37: =S37/E37 -> 19
D38: TOTAL | F38: =SUM(F7:F37) -> 80770 | G38: =SUM(G7:G37) -> 108935 | H38: =SUM(H7:H37) -> 119870 | I38: =SUM(I7:I37) -> 0 | J38: =SUM(J7:J37) -> 45650 | K38: =SUM(K7:K37) -> 99470 | L38: =SUM(L7:L37) -> 0 | M38: =SUM(M7:M37) -> 114220 | ... Q38: =SUM(Q7:Q37) -> 55915 | S38: =SUM(S7:S37) -> 866775 | T38: =SUM(T7:T37) -> 1795

Sheet Moulded-2013
A1: MOULDED - 2013 INVOICE NO | F1: 2969 | G1: 2974 | H1: 2978 | I1: 2983 | J1: 2991 | K1: 2999 | L1: 3004 | M1: 3011 | N1: 3024 | O1: 3028 | P1: TOTAL
A2: DATE | F2: 07.01.13 | G2: 08.02.13 | H2: 25.02.13 | I2: 18.03.13 | J2: 29.04.13 | K2: 18.06.13 | L2: 23.07.13 | M2: 19.08.13 | N2: 24.10.13 | O2: 19.11.13 | P2: PCS | Q2: BOX
D3: PKGS | F3: 133 | G3: 140 | H3: 62 | I3: 88 | J3: 199 | K3: 201 | L3: 142 | M3: 264 | N3: 93 | O3: 118
A4: Sr. No. | B4: CODE | C4: DESCRIPTION | D4: PACKING | F4: PCS | G4: PCS | H4: PCS | I4: PCS | J4: PCS | K4: PCS | L4: PCS | M4: PCS | N4: PCS | O4: PCS
D5: UNIT | E5: BOX
A7: 1 | B7: PP - 1501 | C7: 25 x 15MM Poly Riser | D7: 100 | E7: 2800 | F7: 30800 | G7: 14000 | J7: 33600 | K7: 39200 | L7: 28000 | M7: 28000 | P7: =SUM(F7:O7) -> 173600 | Q7: =P7/E7 -> 62
A8: 2 | B8: PP - 1502 | C8: 50X15 MM Poly Eriser | D8: 100 | E8: 2000 | L8: 10000 | M8: 20000 | P8: =SUM(F8:O8) -> 30000 | Q8: =P8/E8 -> 15
A9: 3 | B9: PP - 1503 | C9: 80 x 15MM Poly Riser | D9: 50 | E9: 1100 | F9: 5500 | H9: 4400 | I9: 6600 | K9: 22000 | L9: 9900 | M9: 1100 | P9: =SUM(F9:O9) -> 49500 | Q9: =P9/E9 -> 45
A10: 4 | B10: PP - 1504 | C10: 100 x 15MM Poly Riser. | D10: 50 | E10: 1000 | F10: 5000 | G10: 10000 | J10: 10000 | K10: 10000 | L10: 10000 | P10: =SUM(F10:O10) -> 45000 | Q10: =P10/E10 -> 45
A11: 5 | B11: PP - 1505 | C11: 125 X 15 MM Poly Riser | D11: 50 | E11: 800 | F11: 4800 | I11: 8000 | J11: 8000 | K11: 8000 | L11: 8000 | P11: =SUM(F11:O11) -> 36800 | Q11: =P11/E11 -> 46
A12: 6 | B12: PP - 1506 | C12: 150 x 15MM Poly Riser. | D12: 50 | E12: 600 | G12: 3000 | H12: 2400 | J12: 6000 | K12: 6000 | L12: 6000 | M12: 6000 | O12: 6000 | P12: =SUM(F12:O12) -> 35400 | Q12: =P12/E12 -> 59
A13: 7 | B13: PP - 1508 | C13: 200 x 15MM Poly Riser. | D13: 10 | E13: 400 | K13: 1200 | L13: 1200 | M13: 2000 | P13: =SUM(F13:O13) -> 4400 | Q13: =P13/E13 -> 11
A14: 8 | B14: PP - 1509 | C14: 225 x 15MM Poly Riser. | D14: 10 | E14: 400 | F14: 4000 | G14: 6800 | H14: 3200 | J14: 8000 | K14: 8000 | L14: 4000 | M14: 12000 | P14: =SUM(F14:O14) -> 46000 | Q14: =P14/E14 -> 115
A15: 9 | B15: PP - 1512 | C15: Risers 1/2"(15MM)x12"(300MM) | D15: 10 | E15: 300 | F15: 6000 | N15: 900 | O15: 900 | P15: =SUM(F15:O15) -> 7800 | Q15: =P15/E15 -> 26
A16: 10 | B16: PPA - 1506 | C16: 150 x 15MM Articulated P.Riser. | D16: 10 | E16: 130 | J16: 1300 | K16: 1300 | M16: 2600 | N16: 1300 | O16: 1300 | P16: =SUM(F16:O16) -> 7800 | Q16: =P16/E16 -> 60
A17: 11 | B17: PPA - 1508 | C17: 200 x 15MM Articulated P.Riser | D17: 10 | E17: 110 | F17: 1100 | G17: 770 | I17: 2310 | J17: 1100 | K17: 1100 | L17: 1100 | M17: 1100 | N17: 1100 | O17: 1100 | P17: =SUM(F17:O17) -> 10780 | Q17: =P17/E17 -> 98
A18: 12 | B18: PPA - 1512 | C18: Articulated Riser 1/2"(15mm)x300MM | D18: 10 | E18: 80 | G18: 1600 | N18: 800 | O18: 800 | P18: =SUM(F18:O18) -> 3200 | Q18: =P18/E18 -> 40
A19: 13 | B19: FFC - 15 | C19: F/F Couplings 1/2"(15MM) | D19: 100 | E19: 1200 | F19: 24000 | G19: 18000 | I19: 12000 | J19: 36000 | K19: 12000 | L19: 12000 | M19: 12000 | P19: =SUM(F19:O19) -> 126000 | Q19: =P19/E19 -> 105
A20: 14 | B20: MFE - 15 | C20: M/F Elbow 1/2" (15MM) | D20: 100 | E20: 1000 | N20: 10000 | P20: =SUM(F20:O20) -> 10000 | Q20: =P20/E20 -> 10
A21: 15 | B21: CAP - 15 | C21: 15MM F.I.Cap. | D21: 50 | E21: 2800 | F21: 5600 | J21: 8400 | K21: 19600 | L21: 5600 | M21: 5600 | P21: =SUM(F21:O21) -> 44800 | Q21: =P21/E21 -> 16
A22: 16 | B22: CUTPL - 15 | C22: 15MM Rigid Cut Off Riser. | D22: 50 | E22: 550 | F22: 5500 | H22: 5500 | I22: 5500 | J22: 5500 | K22: 5500 | M22: 5500 | P22: =SUM(F22:O22) -> 33000 | Q22: =P22/E22 -> 60
A23: 16A | B23: CUT-15 | C23: 15 MM Flexi Cut-Off Riser | D23: 50 | E23: 550 | F23: 5500 | H23: 5500 | I23: 5500 | J23: 5500 | K23: 5500 | M23: 5500 | P23: =SUM(F23:O23) -> 33000 | Q23: =P23/E23 -> 60
A24: 16B | B24: CUTMF 15 | C24: 15 mm M/F Cut off Riser | D24: 10 | E24: 1200 | F24: 4800 | H24: 4800 | J24: 9600 | K24: 4800 | M24: 4800 | P24: =SUM(F24:O24) -> 28800 | Q24: =P24/E24 -> 24
A25: 17 | B25: PP 2002 | C25: 50 x 20MM Poly Riser | D25: 50 | E25: 1300 | M25: 5200 | O25: 2600 | P25: =SUM(F25:O25) -> 7800
A26: 18 | B26: PP 2003 | C26: 80 X 20MM Poly Riser | D26: 50 | E26: 800 | M26: 4000 | O26: 2400 | P26: =SUM(F26:O26) -> 6400
A27: 20A | B27: 90447000 | C27: Philmac spacer Meter 20 x 240 | D27: 10 | E27: 270 | H27: 1080 | I27: 5670 | J27: 5400 | K27: 5400 | L27: 5400 | M27: 10800 | O27: 2700 | P27: =SUM(F27:O27) -> 36450 | Q27: =P27/E27 -> 135
A28: 21 | B28: PP - 2012 | C28: 300 x 20MM Poly Riser. | D28: 10 | E28: 230 | F28: 1150 | G28: 2070 | J28: 2300 | K28: 2300 | L28: 2300 | O28: 2300 | P28: =SUM(F28:O28) -> 12420 | Q28: =P28/E28 -> 54
A29: 21A | B29: 90442300 | C29: 90442300 P/Riser MXM 20x20x300 mm | D29: 10 | E29: 230 | F29: 1150 | G29: 1150 | H29: 1150 | J29: 2300 | M29: 2300 | N29: 2300 | O29: 2300 | P29: =SUM(F29:O29) -> 12650 | Q29: =P29/E29 -> 55
A30: 22 | B30: PPA - 2008 | C30: 200 x 20MM Artic Riser. | D30: 5 | E30: 75 | F30: 525 | G30: 525 | H30: 975 | J30: 750 | K30: 750 | L30: 750 | M30: 2250 | N30: 750 | O30: 750 | P30: =SUM(F30:O30) -> 8025 | Q30: =P30/E30 -> 107
A31: 23 | B31: PPA - 2012 | C31: 300 x 20MM Artic Riser | D31: 5 | E31: 50 | G31: 1000 | M31: 1000 | P31: =SUM(F31:O31) -> 2000 | Q31: =P31/E31 -> 40
A32: 25 | B32: FFC-20 | C32: 20MM F/F Couplings | D32: 50 | E32: 800 | M32: 4800 | P32: =SUM(F32:O32) -> 4800
A33: 26 | B33: PP 2512 | C33: 300 x 25MM Poly Riser. | D33: 10 | E33: 160 | K33: 1600 | L33: 1600 | O33: 1600 | P33: =SUM(F33:O33) -> 4800 | Q33: =P33/E33 -> 30
A34: 26A | B34: 90443300 | C34: 90443300 P/Riser MXM 25x25x300 mm | D34: 10 | E34: 160 | M34: 2080 | N34: 1600 | O34: 1600 | P34: =SUM(F34:O34) -> 5280 | Q34: =P34/E34 -> 33
A35: 27 | B35: PPA 2512 | C35: Articulated Riser 1"(25 mm)x300MM | D35: 5 | E35: 35 | G35: 700 | N35: 700 | O35: 350 | P35: =SUM(F35:O35) -> 1750 | Q35: =P35/E35 -> 50
A36: 31 | B36: MFA - 15 | C36: 15MM M/F Adaptors. | D36: 50 | E36: 1750 | F36: 5250 | J36: 10500 | K36: 5250 | L36: 5250 | M36: 7000 | P36: =SUM(F36:O36) -> 33250 | Q36: =P36/E36 -> 19
A38: TOTAL | F38: =SUM(F7:F37) -> 110675 | G38: =SUM(G7:G37) -> 59615 | H38: =SUM(H7:H37) -> 29005 | I38: =SUM(I7:I37) -> 45580 | J38: =SUM(J7:J37) -> 154250 | K38: =SUM(K7:K37) -> 159500 | L38: =SUM(L7:L37) -> 111100 | M38: =SUM(M7:M37) -> 145630 | ... P38: =SUM(P7:P37) -> 861505
A39: TOTAL BOXES | Q39: =SUM(Q7:Q37) -> 1420

Sheet Moulded-2014
A1: MOULDED - 2014 INVOICE NO | F1: 3039 | G1: 3046 | H1: 3054 | I1: 3059 | J1: 3063 | K1: 3068 | L1: 3075 | M1: 3077 | N1: 3080 | O1: 3086 | P1: TOTAL
A2: DATE | F2: 03.01.14 | G2: 25.02.14 | H2: 08.04.14 | I2: 08.05.14 | J2: 12.06.14 | K2: 21.07.14 | L2: 25.09.14 | M2: 13.10.14 | N2: 13.11.14 | O2: 24.12.14 | P2: PCS | Q2: BOX
D3: PKGS | F3: 425 | G3: 486 | H3: 497 | I3: 198 | J3: 484 | K3: 45 | L3: 138 | M3: 18 | N3: 125 | O3: 227
A4: Sr. No. | B4: CODE | C4: DESCRIPTION | D4: PACKING | F4: PCS | G4: PCS | H4: PCS | I4: PCS | J4: PCS | K4: PCS | L4: PCS | M4: PCS | N4: PCS | O4: PCS
D5: UNIT | E5: BOX
A7: 1 | B7: PP - 1501 | C7: 25 x 15MM Poly Riser | D7: 100 | E7: 2800 | F7: 28000 | G7: 28000 | H7: 56000 | J7: 28000 | P7: =SUM(F7:O7) -> 140000 | Q7: =P7/E7 -> 50
A8: 1A | B8: PP - 1501 | C8: 25 x 15MM Poly Riser | D8: 100 | E8: 2000 | M8: 16000 | N8: 28000 | O8: 28000 | P8: =SUM(F8:O8) -> 72000 | Q8: =P8/E8 -> 36
A9: 2 | B9: PP - 1502 | C9: 50X15 MM Poly Eriser | D9: 100 | E9: 2000 | F9: 20000 | G9: 20000 | H9: 40000 | J9: 20000 | M9: 20000 | N9: 20000 | O9: 10000 | P9: =SUM(F9:O9) -> 150000 | Q9: =P9/E9 -> 75
A10: 3 | B10: PP - 1503 | C10: 80 x 15MM Poly Riser | D10: 50 | E10: 1100 | F10: 19800 | G10: 11000 | H10: 22000 | J10: 11000 | L10: 11000 | N10: 11000 | O10: 11000 | P10: =SUM(F10:O10) -> 96800 | Q10: =P10/E10 -> 88
A11: 4 | B11: PP - 1504 | C11: 100 x 15MM Poly Riser. | D11: 50 | E11: 1000 | F11: 18000 | G11: 20000 | H11: 10000 | I11: 10000 | L11: 10000 | N11: 10000 | O11: 10000 | P11: =SUM(F11:O11) -> 88000 | Q11: =P11/E11 -> 88
A12: 5 | B12: PP - 1505 | C12: 125 X 15 MM Poly Riser | D12: 50 | E12: 800 | F12: 8000 | G12: 16000 | H12: 8000 | I12: 8800 | L12: 4000 | P12: =SUM(F12:O12) -> 44800 | Q12: =P12/E12 -> 56
A13: 6 | B13: PP - 1506 | C13: 150 x 15MM Poly Riser. | D13: 50 | E13: 600 | F13: 6000 | G13: 19200 | H13: 12000 | J13: 6000 | L13: 6000 | O13: 6000 | P13: =SUM(F13:O13) -> 55200 | Q13: =P13/E13 -> 92
A14: 6A | B14: 90441200 | C14: 90441200 150x15 MM Poly Riser | D14: 50 | E14: 600 | H14: 3000 | J14: 1200 | P14: =SUM(F14:O14) -> 4200 | Q14: =P14/E14 -> 7
A15: 7 | B15: PP - 1508 | C15: 200 x 15MM Poly Riser. | D15: 10 | E15: 400 | G15: 1200 | H15: 2400 | J15: 4400 | K15: 2000 | P15: =SUM(F15:O15) -> 10000 | Q15: =P15/E15 -> 25
A16: 8 | B16: PP - 1509 | C16: 225 x 15MM Poly Riser. | D16: 10 | E16: 400 | F16: 8000 | G16: 8000 | H16: 12000 | J16: 20000 | L16: 4000 | N16: 4000 | O16: 4000 | P16: =SUM(F16:O16) -> 60000 | Q16: =P16/E16 -> 150
A17: 9 | B17: PP - 1512 | C17: Risers 1/2"(15MM)x12"(300MM) | D17: 10 | E17: 300 | F17: 34200 | G17: 21000 | H17: 9000 | I17: 18000 | L17: 3000 | O17: 9000 | P17: =SUM(F17:O17) -> 94200 | Q17: =P17/E17 -> 314
A18: 9A | B18: 90441300 | C18: 90441300 P/Riser MXM 15x15x300 | D18: 10 | E18: 300 | G18: 1200 | H18: 3000 | J18: 3000 | P18: =SUM(F18:O18) -> 7200 | Q18: =P18/E18 -> 24
A19: 9B | B19: PET 1512 | C19: Full Threadd Roser 15mmx300 MM | D19: 10 | E19: 300 | F19: 8100 | G19: 8100 | H19: 12600 | J19: 8100 | O19: 3000 | P19: =SUM(F19:O19) -> 39900 | Q19: =P19/E19 -> 133
A20: 10 | B20: PPA - 1506 | C20: 150 x 15MM Articulated P.Riser. | D20: 10 | E20: 130 | F20: 1300 | I20: 1300 | J20: 1300 | N20: 1300 | P20: =SUM(F20:O20) -> 5200 | Q20: =P20/E20 -> 40
A21: 11 | B21: PPA - 1508 | C21: 200 x 15MM Articulated P.Riser | D21: 10 | E21: 110 | F21: 1100 | G21: 1100 | H21: 1100 | I21: 2200 | J21: 1100 | P21: =SUM(F21:O21) -> 6600 | Q21: =P21/E21 -> 60
A22: 12 | B22: PPA - 1512 | C22: Articulated Riser 1/2"(15mm)x300MM | D22: 10 | E22: 80 | F22: 2400 | G22: 1600 | H22: 4000 | I22: 1600 | J22: 1600 | L22: 800 | O22: 800 | P22: =SUM(F22:O22) -> 12800 | Q22: =P22/E22 -> 160
A23: 13 | B23: FFC - 15 | C23: F/F Couplings 1/2"(15MM) | D23: 100 | E23: 1200 | F23: 24000 | G23: 24000 | H23: 24000 | J23: 24000 | K23: 24000 | L23: 24000 | N23: 24000 | O23: 24000 | P23: =SUM(F23:O23) -> 192000 | Q23: =P23/E23 -> 160
A24: 14 | B24: MFE - 15 | C24: M/F Elbow 1/2" (15MM) | D24: 100 | E24: 1000 | F24: 10000 | G24: 14000 | H24: 11000 | J24: 10000 | K24: 10000 | O24: 1000 | P24: =SUM(F24:O24) -> 56000 | Q24: =P24/E24 -> 56
A25: 15 | B25: CAP - 15 | C25: 15MM F.I.Cap. | D25: 50 | E25: 2800 | F25: 11200 | G25: 22400 | H25: 16800 | J25: 8400 | L25: 11200 | O25: 8400 | P25: =SUM(F25:O25) -> 78400 | Q25: =P25/E25 -> 28
A26: 16 | B26: CUTPL - 15 | C26: 15MM Rigid Cut Off Riser. | D26: 50 | E26: 550 | F26: 550 | G26: 6600 | H26: 11000 | I26: 5500 | J26: 5500 | N26: 5500 | O26: 5500 | P26: =SUM(F26:O26) -> 40150 | Q26: =P26/E26 -> 73
A27: 16A | B27: CUT-15 | C27: 15 MM Flexi Cut-Off Riser | D27: 50 | E27: 550 | F27: 550 | G27: 6600 | H27: 5500 | I27: 11000 | K27: 5500 | L27: 5500 | N27: 5500 | O27: 5500 | P27: =SUM(F27:O27) -> 45650 | Q27: =P27/E27 -> 83
A28: 16B | B28: CUTMF 15 | C28: 15 mm M/F Cut off Riser | D28: 10 | E28: 1200 | F28: 12000 | H28: 31200 | J28: 19200 | P28: =SUM(F28:O28) -> 62400 | Q28: =P28/E28 -> 52
A29: 17 | B29: PP 2002 | C29: 50 x 20MM Poly Riser | D29: 50 | E29: 1300 | F29: 2600 | G29: 5200 | H29: 5200 | J29: 13000 | P29: =SUM(F29:O29) -> 26000 | Q29: =P29/E29 -> 20
A30: 18 | B30: PP 2003 | C30: 80 X 20MM Poly Riser | D30: 50 | E30: 800 | F30: 2400 | G30: 4000 | H30: 4000 | J30: 11200 | P30: =SUM(F30:O30) -> 21600 | Q30: =P30/E30 -> 27
B31: PP 2006 | C31: 150 X 20MM Poly Riser | D31: 10 | E31: 500 | G31: 5000 | H31: 500 | P31: =SUM(F31:O31) -> 5500 | Q31: =P31/E31 -> 11
B32: PP 2006 | C32: 150 X 20MM Poly Riser | D32: 10 | E32: 450 | J32: 9450 | O32: 2250 | P32: =SUM(F32:O32) -> 11700 | Q32: =P32/E32 -> 26
A33: 20A | B33: 90447000 | C33: Philmac spacer Meter 20 x 240 | D33: 10 | E33: 270 | F33: 2700 | G33: 10800 | H33: 5670 | J33: 21600 | P33: =SUM(F33:O33) -> 40770 | Q33: =P33/E33 -> 151
A34: 21 | B34: PP - 2012 | C34: 300 x 20MM Poly Riser. | D34: 10 | E34: 230 | F34: 2300 | G34: 4600 | H34: 2300 | J34: 6900 | P34: =SUM(F34:O34) -> 16100 | Q34: =P34/E34 -> 70
A35: 21A | B35: 90442300 | C35: 90442300 P/Riser MXM 20x20x300 mm | D35: 10 | E35: 230 | F35: 2300 | H35: 2300 | J35: 2300 | P35: =SUM(F35:O35) -> 6900 | Q35: =P35/E35 -> 30
A36: 22 | B36: PPA - 2008 | C36: 200 x 20MM Artic Riser. | D36: 5 | E36: 75 | N36: 750 | P36: =SUM(F36:O36) -> 750 | Q36: =P36/E36 -> 10
A37: 23 | B37: PPA - 2012 | C37: 300 x 20MM Artic Riser | D37: 5 | E37: 50 | F37: 500 | G37: 500 | H37: 1000 | J37: 2000 | L37: 1000 | O37: 500 | P37: =SUM(F37:O37) -> 5500 | Q37: =P37/E37 -> 110
A38: 24 | B38: MFE - 20 | C38: M/F Elbow 20MM | D38: 50 | E38: 600 | F38: 1800 | H38: 6000 | J38: 1200 | P38: =SUM(F38:O38) -> 9000 | Q38: =P38/E38 -> 15
A39: 25 | B39: FFC-20 | C39: 20MM F/F Couplings | D39: 50 | E39: 800 | F39: 3200 | G39: 3200 | H39: 7200 | J39: 6400 | L39: 4000 | P39: =SUM(F39:O39) -> 24000 | Q39: =P39/E39 -> 30
B40: PP 2504 | C40: 100 X 25MM Poly Riser | D40: 10 | E40: 400 | G40: 800 | H40: 800 | N40: 400 | P40: =SUM(F40:O40) -> 2000 | Q40: =P40/E40 -> 5
B41: PP 2506 | C41: 150 X 25MM Poly Riser | D41: 10 | E41: 300 | G41: 3900 | H41: 1200 | I41: 2100 | L41: 4200 | O41: 2100 | P41: =SUM(F41:O41) -> 13500 | Q41: =P41/E41 -> 45
A42: 26 | B42: PP 2512 | C42: 300 x 25MM Poly Riser. | D42: 10 | E42: 160 | F42: 3200 | G42: 3200 | N42: 1600 | O42: 3200 | P42: =SUM(F42:O42) -> 11200 | Q42: =P42/E42 -> 70
A43: 26A | B43: 90443300 | C43: 90443300 P/Riser MXM 25x25x300 mm | D43: 10 | E43: 160 | F43: 1600 | G43: 3200 | H43: 1600 | I43: 3200 | J43: 1600 | O43: 1600 | P43: =SUM(F43:O43) -> 12800 | Q43: =P43/E43 -> 80
A44: 27 | B44: PPA 2512 | C44: Articulated Riser 1"(25 mm)x300MM | D44: 5 | E44: 35 | G44: 350 | I44: 350 | J44: 350 | O44: 700 | P44: =SUM(F44:O44) -> 1750 | Q44: =P44/E44 -> 50
A45: 28 | B45: MFE 25 | C45: M/F Elbow 25MM (1") | D45: 50 | E45: 350 | O45: 700 | P45: =SUM(F45:O45) -> 700 | Q45: =P45/E45 -> 2
A46: 31 | B46: MFA - 15 | C46: 15MM M/F Adaptors. | D46: 50 | E46: 1750 | F46: 17500 | G46: 10500 | H46: 26250 | J46: 17500 | P46: =SUM(F46:O46) -> 71750 | Q46: =P46/E46 -> 41
A48: TOTAL | F48: =SUM(F7:F47) -> 253300 | G48: =SUM(G7:G47) -> 285250 | H48: =SUM(H7:H47) -> 358620 | I48: =SUM(I7:I47) -> 64050 | J48: =SUM(J7:J47) -> 266300 | K48: =SUM(K7:K47) -> 41500 | L48: =SUM(L7:L47) -> 88700 | M48: =SUM(M7:M47) -> 36000 | ... P48: =SUM(P7:P47) -> 1643020
A49: TOTAL BOXES | Q49: =SUM(Q7:Q47) -> 2643

Sheet Moulded-2015
A1: MOULDED - 2015 INVOICE NO | F1: 3088 | G1: 3092 | H1: 3095 | I1: 3096 | J1: 3097 | K1: 3108 | L1: 3113 | M1: 3121 | N1: 3123 | O1: 3124 | Q1: TOTAL | T1: 3124
A2: DATE | F2: 08.01.15 | G2: 29.01.15 | H2: 04.03.15 | I2: 20.03.15 | J2: 01.04.15 | K2: 15.07.15 | L2: 23.09.15 | M2: 20.11.15 | N2: 04.12.15 | O2: 21.12.15 | Q2: PCS | R2: BOX
D3: PKGS | F3: 13 | G3: 160 | H3: 162 | I3: 98 | J3: 200 | K3: 56 | L3: 149 | M3: 108 | N3: 130 | O3: 84
A4: Sr. No. | B4: CODE | C4: DESCRIPTION | D4: PACKING | F4: PCS | G4: PCS | H4: PCS | I4: PCS | J4: PCS | K4: PCS | L4: PCS | M4: PCS | N4: PCS | O4: PCS | P4: PCS
D5: UNIT | E5: BOX
A7: 1A | B7: PP - 1501 | C7: 25 x 15MM Poly Riser | D7: 100 | E7: 2000 | G7: 28000 | N7: 16000 | O7: 4000 | Q7: =SUM(F7:P7) -> 48000 | R7: =Q7/E7 -> 24 | T7: =HLOOKUP($T$1,$F$1:$P$48,8,FALSE) -> 0 | U7: =$T7/$E7 -> 0
A8: 1B | B8: PP - 1501 | C8: 25 x 15MM Poly Riser | D8: 100 | E8: 1600 | I8: 27200 | Q8: =SUM(F8:P8) -> 27200 | R8: =Q8/E8 -> 17 | T8: =HLOOKUP($T$1,$F$1:$P$48,9,FALSE) -> 6000 | U8: =$T8/$E8 -> 3.75
A9: 2 | B9: PP - 1502 | C9: 50X15 MM Poly Eriser | D9: 100 | E9: 2000 | H9: 10000 | N9: 14000 | O9: 6000 | Q9: =SUM(F9:P9) -> 30000 | R9: =Q9/E9 -> 15 | T9: =HLOOKUP($T$1,$F$1:$P$48,10,FALSE) -> 0 | U9: =$T9/$E9 -> 0
A10: 3 | B10: PP - 1503 | C10: 80 x 15MM Poly Riser | D10: 50 | E10: 1100 | H10: 11000 | L10: 11000 | N10: 11000 | Q10: =SUM(F10:P10) -> 33000 | R10: =Q10/E10 -> 30 | T10: =HLOOKUP($T$1,$F$1:$P$48,11,FALSE) -> 0 | U10: =$T10/$E10 -> 0
A11: 4 | B11: PP - 1504 | C11: 100 x 15MM Poly Riser. | D11: 50 | E11: 1000 | H11: 10000 | L11: 10000 | M11: 10000 | N11: 10000 | Q11: =SUM(F11:P11) -> 40000 | R11: =Q11/E11 -> 40 | T11: =HLOOKUP($T$1,$F$1:$P$48,12,FALSE) -> 4800 | U11: =$T11/$E11 -> 4.8
A12: 5 | B12: PP - 1505 | C12: 125 X 15 MM Poly Riser | D12: 50 | E12: 800 | I12: 8000 | L12: 4800 | O12: 4800 | Q12: =SUM(F12:P12) -> 17600 | R12: =Q12/E12 -> 22 | T12: =HLOOKUP($T$1,$F$1:$P$48,13,FALSE) -> 0 | U12: =$T12/$E12 -> 0
A13: 6 | B13: PP - 1506 | C13: 150 x 15MM Poly Riser. | D13: 50 | E13: 600 | G13: 6000 | I13: 12000 | L13: 6000 | N13: 6000 | Q13: =SUM(F13:P13) -> 30000 | R13: =Q13/E13 -> 50 | T13: =HLOOKUP($T$1,$F$1:$P$48,14,FALSE) -> 0 | U13: =$T13/$E13 -> 0
A14: 6A | B14: 90441200 | C14: 90441200 150x15 MM Poly Riser | D14: 50 | E14: 600 | H14: 1200 | L14: 1800 | Q14: =SUM(F14:P14) -> 3000 | R14: =Q14/E14 -> 5 | T14: =HLOOKUP($T$1,$F$1:$P$48,15,FALSE) -> 0 | U14: =$T14/$E14 -> 0
A15: 7 | B15: PP - 1508 | C15: 200 x 15MM Poly Riser. | D15: 10 | E15: 400 | L15: 2000 | M15: 2000 | N15: 1200 | Q15: =SUM(F15:P15) -> 5200 | R15: =Q15/E15 -> 13 | T15: =HLOOKUP($T$1,$F$1:$P$48,16,FALSE) -> 400 | U15: =$T15/$E15 -> 1
A16: 8 | B16: PP - 1509 | C16: 225 x 15MM Poly Riser. | D16: 10 | E16: 400 | G16: 4000 | I16: 8000 | L16: 8000 | M16: 8000 | N16: 7600 | O16: 400 | Q16: =SUM(F16:P16) -> 36000 | R16: =Q16/E16 -> 90 | T16: =HLOOKUP($T$1,$F$1:$P$48,17,FALSE) -> 6000 | U16: =$T16/$E16 -> 15
A17: 9 | B17: PP - 1512 | C17: Risers 1/2"(15MM)x12"(300MM) | D17: 10 | E17: 300 | G17: 6000 | H17: 9000 | I17: 3000 | J17: 12000 | K17: 3000 | N17: 3000 | O17: 6000 | Q17: =SUM(F17:P17) -> 42000 | R17: =Q17/E17 -> 140 | T17: =HLOOKUP($T$1,$F$1:$P$48,18,FALSE) -> 0 | U17: =$T17/$E17 -> 0
A18: 9A | B18: 90441300 | C18: 90441300 P/Riser MXM 15x15x300 | D18: 10 | E18: 300 | H18: 3000 | J18: 3000 | Q18: =SUM(F18:P18) -> 6000 | R18: =Q18/E18 -> 20 | T18: =HLOOKUP($T$1,$F$1:$P$48,19,FALSE) -> 0 | U18: =$T18/$E18 -> 0
A19: 10 | B19: PPA - 1506 | C19: 150 x 15MM Articulated P.Riser. | D19: 10 | E19: 130 | G19: 1300 | H19: 1300 | J19: 1300 | Q19: =SUM(F19:P19) -> 3900 | R19: =Q19/E19 -> 30 | T19: =HLOOKUP($T$1,$F$1:$P$48,21,FALSE) -> 13200 | U19: =$T19/$E19 -> 101.53846
A20: 12 | B20: PPA - 1512 | C20: Articulated Riser 1/2"(15mm)x300MM | D20: 10 | E20: 80 | H20: 800 | J20: 1600 | Q20: =SUM(F20:P20) -> 2400 | R20: =Q20/E20 -> 30 | T20: =HLOOKUP($T$1,$F$1:$P$48,23,FALSE) -> 0 | U20: =$T20/$E20 -> 0
A21: 13 | B21: FFC - 15 | C21: F/F Couplings 1/2"(15MM) | D21: 100 | E21: 1200 | G21: 24000 | H21: 24000 | J21: 25200 | L21: 12000 | M21: 3600 | N21: 7200 | O21: 13200 | Q21: =SUM(F21:P21) -> 109200 | R21: =Q21/E21 -> 91 | T21: =HLOOKUP($T$1,$F$1:$P$48,24,FALSE) -> 0 | U21: =$T21/$E21 -> 0
A22: 14 | B22: MFE - 15 | C22: M/F Elbow 1/2" (15MM) | D22: 100 | E22: 1000 | G22: 5000 | I22: 6000 | J22: 12000 | K22: 5000 | M22: 6000 | N22: 5000 | Q22: =SUM(F22:P22) -> 39000 | R22: =Q22/E22 -> 39 | T22: =HLOOKUP($T$1,$F$1:$P$48,25,FALSE) -> 550 | U22: =$T22/$E22 -> 0.55
A23: 15 | B23: CAP - 15 | C23: 15MM F.I.Cap. | D23: 50 | E23: 2800 | G23: 8400 | I23: 8400 | M23: 5600 | N23: 8400 | Q23: =SUM(F23:P23) -> 30800 | R23: =Q23/E23 -> 11 | T23: =HLOOKUP($T$1,$F$1:$P$48,26,FALSE) -> 2400 | U23: =$T23/$E23 -> 0.85714286
A24: 16 | B24: CUTPL - 15 | C24: 15MM Rigid Cut Off Riser. | D24: 50 | E24: 550 | G24: 5500 | I24: 5500 | M24: 1650 | Q24: =SUM(F24:P24) -> 12650 | R24: =Q24/E24 -> 23 | T24: =HLOOKUP($T$1,$F$1:$P$48,27,FALSE) -> 0 | U24: =$T24/$E24 -> 0
A25: 16A | B25: CUT-15 | C25: 15 MM Flexi Cut-Off Riser | D25: 50 | E25: 550 | G25: 5500 | I25: 1100 | O25: 550 | Q25: =SUM(F25:P25) -> 7150 | R25: =Q25/E25 -> 13 | T25: =HLOOKUP($T$1,$F$1:$P$48,28,FALSE) -> 0 | U25: =$T25/$E25 -> 0
A26: 16B | B26: CUTMF 15 | C26: 15 mm M/F Cut off Riser | D26: 10 | E26: 1200 | M26: 3600 | O26: 2400 | Q26: =SUM(F26:P26) -> 6000 | R26: =Q26/E26 -> 5 | T26: =HLOOKUP($T$1,$F$1:$P$48,29,FALSE) -> 2250 | U26: =$T26/$E26 -> 1.875
A27: 17a | B27: PP 2002 | C27: 50 x 20MM Poly Riser | D27: 10 | E27: 1300 | M27: 1300 | Q27: =SUM(F27:P27) -> 1300 | R27: =Q27/E27 -> 1 | T27: =HLOOKUP($T$1,$F$1:$P$48,31,FALSE) -> 0 | U27: =$T27/$E27 -> 0
A28: 18a | B28: PP 2003 | C28: 80 X 20MM Poly Riser | D28: 10 | E28: 800 | M28: 800 | Q28: =SUM(F28:P28) -> 800 | R28: =Q28/E28 -> 1 | T28: =HLOOKUP($T$1,$F$1:$P$48,33,FALSE) -> 2300 | U28: =$T28/$E28 -> 2.875
B29: PP 2006 | C29: 150 X 20MM Poly Riser | D29: 10 | E29: 450 | G29: 2250 | H29: 2250 | L29: 1800 | O29: 2250 | Q29: =SUM(F29:P29) -> 8550 | R29: =Q29/E29 -> 19 | T29: =HLOOKUP($T$1,$F$1:$P$48,35,FALSE) -> 0 | U29: =$T29/$E29 -> 0
B30: 90442200 | C30: 90442200 P/RISER M X M 3/4 X 3/4 X 150MM | D30: 10 | E30: 450 | L30: 3150 | M30: 3150 | Q30: =SUM(F30:P30) -> 6300 | R30: =Q30/E30 -> 14 | T30: =HLOOKUP($T$1,$F$1:$P$48,36,FALSE) -> 0 | U30: =$T30/$E30 -> 0
A31: 20A | B31: 90447000 | C31: Philmac spacer Meter 20 x 240 | D31: 10 | E31: 270 | K31: 9450 | L31: 10800 | M31: 8910 | Q31: =SUM(F31:P31) -> 29160 | R31: =Q31/E31 -> 108 | T31: =HLOOKUP($T$1,$F$1:$P$48,39,FALSE) -> 2100 | U31: =$T31/$E31 -> 7.7777778
A32: 21 | B32: PP - 2012 | C32: 300 x 20MM Poly Riser. | D32: 10 | E32: 230 | G32: 2300 | H32: 2300 | J32: 2300 | N32: 2300 | Q32: =SUM(F32:P32) -> 9200 | R32: =Q32/E32 -> 40 | T32: =HLOOKUP($T$1,$F$1:$P$48,40,FALSE) -> 0 | U32: =$T32/$E32 -> 0
A33: 21A | B33: 90442300 | C33: 90442300 P/Riser MXM 20x20x300 mm | D33: 10 | E33: 230 | G33: 2300 | J33: 2300 | O33: 2300 | Q33: =SUM(F33:P33) -> 6900 | R33: =Q33/E33 -> 30 | T33: =HLOOKUP($T$1,$F$1:$P$48,41,FALSE) -> 1600 | U33: =$T33/$E33 -> 6.9565217
A34: 23 | B34: PPA - 2012 | C34: 300 x 20MM Artic Riser | D34: 5 | E34: 50 | H34: 500 | J34: 1000 | N34: 1000 | Q34: =SUM(F34:P34) -> 2500 | R34: =Q34/E34 -> 50 | T34: =HLOOKUP($T$1,$F$1:$P$48,43,FALSE) -> 0 | U34: =$T34/$E34 -> 0
A35: 24 | B35: MFE - 20 | C35: M/F Elbow 20MM | D35: 50 | E35: 600 | L35: 1200 | N35: 1200 | Q35: =SUM(F35:P35) -> 2400 | R35: =Q35/E35 -> 4 | T35: =HLOOKUP($T$1,$F$1:$P$48,44,FALSE) -> 0 | U35: =$T35/$E35 -> 0
A36: 25 | B36: FFC-20 | C36: 20MM F/F Couplings | D36: 50 | E36: 800 | G36: 2400 | H36: 2400 | Q36: =SUM(F36:P36) -> 4800 | R36: =Q36/E36 -> 6 | T36: =HLOOKUP($T$1,$F$1:$P$48,45,FALSE) -> 0 | U36: =$T36/$E36 -> 0
A37: 25a | B37: FFC-20 | C37: 20MM F/F Couplings | D37: 10 | E37: 800 | L37: 1600 | O37: 3200 | Q37: =SUM(F37:P37) -> 4800 | R37: =Q37/E37 -> 6 | T37: =HLOOKUP($T$1,$F$1:$P$48,46,FALSE) -> 0 | U37: =$T37/$E37 -> 0
B38: PP 2506 | C38: 150 X 25MM Poly Riser | D38: 10 | E38: 300 | H38: 1200 | J38: 1200 | O38: 600 | Q38: =SUM(F38:P38) -> 3000 | R38: =Q38/E38 -> 10 | T38: =HLOOKUP($T$1,$F$1:$P$48,48,FALSE) -> 49400 | U38: =$T38/$E38 -> 164.66667
B39: 90443200 | C39: 90443200 P/RISER M X M 1 x 1 x 150 MM | D39: 10 | E39: 300 | L39: 3000 | M39: 3000 | O39: 2100 | Q39: =SUM(F39:P39) -> 8100 | R39: =Q39/E39 -> 27 | T39: =HLOOKUP($T$1,$F$1:$P$48,49,FALSE) -> #REF! | U39: =$T39/$E39 -> #REF!
A40: 26 | B40: PP 2512 | C40: 300 x 25MM Poly Riser. | D40: 10 | E40: 160 | G40: 1600 | H40: 1600 | J40: 1600 | Q40: =SUM(F40:P40) -> 4800 | R40: =Q40/E40 -> 30 | T40: =HLOOKUP($T$1,$F$1:$P$48,50,FALSE) -> #REF! | U40: =$T40/$E40 -> #REF!
A41: 26A | B41: 90443300 | C41: 90443300 P/Riser MXM 25x25x300 mm | D41: 10 | E41: 160 | G41: 1600 | H41: 1600 | J41: 1600 | L41: 1600 | O41: 1600 | Q41: =SUM(F41:P41) -> 8000 | R41: =Q41/E41 -> 50 | T41: =HLOOKUP($T$1,$F$1:$P$48,51,FALSE) -> #REF! | U41: =$T41/$E41 -> #REF!
A42: 27 | B42: PPA 2512 | C42: Articulated Riser 1"(25 mm)x300MM | D42: 5 | E42: 35 | J42: 700 | Q42: =SUM(F42:P42) -> 700 | R42: =Q42/E42 -> 20 | T42: =HLOOKUP($T$1,$F$1:$P$48,52,FALSE) -> #REF! | U42: =$T42/$E42 -> #REF!
A43: 28 | B43: MFE 25 | C43: M/F Elbow 25MM (1") | D43: 50 | E43: 350 | K43: 1050 | N43: 1050 | Q43: =SUM(F43:P43) -> 2100 | R43: =Q43/E43 -> 6 | T43: =HLOOKUP($T$1,$F$1:$P$48,53,FALSE) -> #REF! | U43: =$T43/$E43 -> #REF!
A44: 31 | B44: MFA - 15 | C44: 15MM M/F Adaptors. | D44: 50 | E44: 1750 | H44: 5250 | J44: 5250 | K44: 5250 | M44: 7000 | N44: 7000 | Q44: =SUM(F44:P44) -> 29750 | R44: =Q44/E44 -> 17 | T44: =HLOOKUP($T$1,$F$1:$P$48,56,FALSE) -> #REF! | U44: =$T44/$E44 -> #REF!
A45: 33 | B45: SPGUARDS | C45: Small Sprinkler Guard | D45: 0 | E45: 360 | F45: 2160 | Q45: =SUM(F45:P45) -> 2160 | R45: =Q45/E45 -> 6 | T45: =HLOOKUP($T$1,$F$1:$P$48,58,FALSE) -> #REF! | U45: =$T45/$E45 -> #REF!
A46: 34 | B46: SPGUARD | C46: Large Sprinkler Guard | D46: 0 | E46: 150 | F46: 1050 | Q46: =SUM(F46:P46) -> 1050 | R46: =Q46/E46 -> 7 | T46: =HLOOKUP($T$1,$F$1:$P$48,59,FALSE) -> #REF! | U46: =$T46/$E46 -> #REF!
A48: TOTAL | F48: =SUM(F7:F47) -> 3210 | G48: =SUM(G7:G47) -> 106150 | H48: =SUM(H7:H47) -> 87400 | I48: =SUM(I7:I47) -> 79200 | J48: =SUM(J7:J47) -> 71050 | K48: =SUM(K7:K47) -> 23750 | L48: =SUM(L7:L47) -> 78750 | M48: =SUM(M7:M47) -> 64610 | ... Q48: =SUM(Q7:Q47) -> 665470 | T48: =SUM(T7:T46) -> #REF! | U48: =SUM(U7:U46) -> #REF!
A49: TOTAL BOXES | R49: =SUM(R7:R47) -> 1160

Sheet Moulded-2016
A1: MOULDED - 2016 INVOICE NO | F1: 3128 | G1: 3130 | H1: 3135 | I1: 3140 | J1: 3142 | K1: 3145 | L1: 3152 | M1: 3153 | N1: 3156 | O1: 3157 | P1: 3159 | Q1: 3163 | R1: 3164 | S1: 3168 | T1: 3170 | U1: 3174 | V1: TOTAL
A2: DATE | F2: 08.01.16 | G2: 28.01.16 | H2: 01.03.16 | I2: 07.04.16 | J2: 21.04.16 | K2: 06.05.16 | L2: 10.06.16 | M2: 24.06.16 | N2: 21.07.16 | O2: 04.08.16 | P2: 18.08.16 | Q2: 14.09.16 | R2: 23.09.16 | S2: 20.10.16 | T2: 08.12.16 | U2: 29.12.16 | V2: PCS | W2: BOX
D3: PKGS | F3: 204 | G3: 277 | H3: 198 | I3: 134 | J3: 76 | K3: 91 | L3: 127 | M3: 107 | N3: 149 | O3: 73 | P3: 108 | Q3: 137 | R3: 60 | S3: 172 | T3: 94 | U3: 201
A4: Sr. No. | B4: CODE | C4: DESCRIPTION | D4: PACKING | F4: PCS | G4: PCS | H4: PCS | I4: PCS | J4: PCS | K4: PCS | L4: PCS | M4: PCS | N4: PCS | O4: PCS | P4: PCS | Q4: PCS | R4: PCS | S4: PCS | T4: PCS | U4: PCS
D5: UNIT | E5: BOX
A7: 1A | B7: PP - 1501 | C7: 25 x 15MM Poly Riser | D7: 100 | E7: 2000 | F7: 36000 | G7: 24000 | H7: 20000 | I7: 8000 | J7: 12000 | L7: 16000 | M7: 18000 | N7: 16000 | O7: 8000 | Q7: 10000 | S7: 4000 | T7: 8000 | V7: =SUM(F7:U7) -> 180000 | W7: =V7/E7 -> 90
A8: 2 | B8: PP - 1502 | C8: 50X15 MM Poly Eriser | D8: 100 | E8: 2000 | F8: 20000 | G8: 20000 | H8: 20000 | I8: 20000 | K8: 20000 | L8: 10000 | M8: 10000 | P8: 10000 | S8: 10000 | V8: =SUM(F8:U8) -> 140000 | W8: =V8/E8 -> 70
A9: 3 | B9: PP - 1503 | C9: 80 x 15MM Poly Riser | D9: 50 | E9: 1100 | F9: 11000 | G9: 11000 | H9: 11000 | I9: 6600 | J9: 4400 | K9: 8800 | L9: 8800 | M9: 4400 | O9: 8800 | P9: 2200 | S9: 11000 | V9: =SUM(F9:U9) -> 88000 | W9: =V9/E9 -> 80
A10: 4 | B10: PP - 1504 | C10: 100 x 15MM Poly Riser. | D10: 50 | E10: 1000 | F10: 10000 | G10: 10000 | H10: 10000 | I10: 10000 | K10: 10000 | M10: 8000 | N10: 2000 | P10: 10000 | S10: 9000 | T10: 1000 | V10: =SUM(F10:U10) -> 80000 | W10: =V10/E10 -> 80
A11: 5 | B11: PP - 1505 | C11: 125 X 15 MM Poly Riser | D11: 50 | E11: 800 | G11: 12800 | H11: 8000 | I11: 8000 | L11: 4000 | M11: 7200 | P11: 4000 | Q11: 800 | S11: 8000 | V11: =SUM(F11:U11) -> 52800 | W11: =V11/E11 -> 66
A12: 6 | B12: PP - 1506 | C12: 150 x 15MM Poly Riser. | D12: 50 | E12: 600 | F12: 6000 | G12: 6000 | H12: 6000 | I12: 6000 | J12: 3000 | L12: 5400 | N12: 7800 | O12: 4800 | P12: 1200 | Q12: 4800 | R12: 1800 | S12: 4200 | T12: 7200 | U12: 6000 | V12: =SUM(F12:U12) -> 70200 | W12: =V12/E12 -> 117
A13: 6A | B13: 90441200 | C13: 90441200 150x15 MM Poly Riser | D13: 50 | E13: 600 | G13: 1200 | Q13: 1200 | V13: =SUM(F13:U13) -> 2400 | W13: =V13/E13 -> 4
A14: 7 | B14: PP - 1508 | C14: 200 x 15MM Poly Riser. | D14: 10 | E14: 400 | F14: 1200 | G14: 2000 | H14: 2000 | I14: 1200 | Q14: 1200 | S14: 1200 | T14: 1200 | V14: =SUM(F14:U14) -> 10000 | W14: =V14/E14 -> 25
A15: 8 | B15: PP - 1509 | C15: 225 x 15MM Poly Riser. | D15: 10 | E15: 400 | F15: 8000 | G15: 10000 | H15: 6000 | I15: 4000 | K15: 4000 | M15: 4000 | N15: 4000 | O15: 4000 | P15: 4000 | Q15: 2000 | R15: 2000 | S15: 4000 | U15: 8800 | V15: =SUM(F15:U15) -> 64800 | W15: =V15/E15 -> 162
A16: 9 | B16: PP - 1512 | C16: Risers 1/2"(15MM)x12"(300MM) | D16: 10 | E16: 300 | F16: 12000 | G16: 9300 | H16: 8700 | I16: 8700 | J16: 300 | K16: 3000 | L16: 7500 | N16: 4500 | O16: 3000 | P16: 4500 | Q16: 3000 | R16: 1500 | S16: 6000 | T16: 6000 | U16: 12000 | V16: =SUM(F16:U16) -> 90000 | W16: =V16/E16 -> 300
A17: 9A | B17: 90441300 | C17: 90441300 P/Riser MXM 15x15x300 | D17: 10 | E17: 300 | J17: 1200 | L17: 1200 | N17: 3000 | O17: 1200 | Q17: 2400 | S17: 1200 | T17: 1500 | U17: 3000 | V17: =SUM(F17:U17) -> 14700 | W17: =V17/E17 -> 49
A18: 9B | B18: PET 1512 | C18: Full Threadd Roser 15mmx300 MM | D18: 10 | E18: 300 | G18: 3000 | H18: 3000 | S18: 3000 | V18: =SUM(F18:U18) -> 9000 | W18: =V18/E18 -> 30
A19: 10 | B19: PPA - 1506 | C19: 150 x 15MM Articulated P.Riser. | D19: 10 | E19: 130 | P19: 390 | Q19: 650 | V19: =SUM(F19:U19) -> 1040 | W19: =V19/E19 -> 8
A20: 12 | B20: PPA - 1512 | C20: Articulated Riser 1/2"(15mm)x300MM | D20: 10 | E20: 80 | K20: 800 | N20: 480 | O20: 400 | Q20: 800 | R20: 400 | S20: 400 | V20: =SUM(F20:U20) -> 3280 | W20: =V20/E20 -> 41
A21: 13 | B21: FFC - 15 | C21: F/F Couplings 1/2"(15MM) | D21: 100 | E21: 1200 | F21: 24000 | G21: 24000 | H21: 12000 | I21: 12000 | L21: 12000 | M21: 15600 | N21: 8400 | P21: 12000 | Q21: 12000 | T21: 12000 | U21: 24000 | V21: =SUM(F21:U21) -> 168000 | W21: =V21/E21 -> 140
A22: 14 | B22: MFE - 15 | C22: M/F Elbow 1/2" (15MM) | D22: 100 | E22: 1000 | G22: 5000 | H22: 6000 | I22: 5000 | L22: 5000 | M22: 6000 | N22: 5000 | P22: 4000 | Q22: 2000 | R22: 6000 | T22: 6000 | V22: =SUM(F22:U22) -> 50000 | W22: =V22/E22 -> 50
A23: 15 | B23: CAP - 15 | C23: 15MM F.I.Cap. | D23: 50 | E23: 2800 | G23: 8400 | H23: 8400 | I23: 8400 | L23: 5600 | P23: 5600 | R23: 2800 | S23: 8400 | T23: 5600 | U23: 11200 | V23: =SUM(F23:U23) -> 64400 | W23: =V23/E23 -> 23
A24: 16 | B24: CUTPL - 15 | C24: 15MM Rigid Cut Off Riser. | D24: 50 | E24: 550 | F24: 9350 | G24: 5500 | H24: 5500 | J24: 5500 | K24: 5500 | L24: 2750 | M24: 2750 | N24: 5500 | P24: 5500 | S24: 2200 | T24: 3300 | V24: =SUM(F24:U24) -> 53350 | W24: =V24/E24 -> 97
A25: 16A | B25: CUT-15 | C25: 15 MM Flexi Cut-Off Riser | D25: 50 | E25: 550 | F25: 5500 | G25: 12650 | H25: 3300 | J25: 5500 | L25: 2750 | M25: 2750 | N25: 3850 | P25: 3850 | Q25: 3300 | R25: 5500 | S25: 5500 | V25: =SUM(F25:U25) -> 54450 | W25: =V25/E25 -> 99
A26: 16B | B26: CUTMF 15 | C26: 15 mm M/F Cut off Riser | D26: 10 | E26: 1200 | F26: 6000 | G26: 6000 | H26: 4800 | J26: 6000 | K26: 4800 | M26: 3600 | N26: 1200 | O26: 4800 | Q26: 4800 | R26: 3600 | S26: 4800 | U26: 6000 | V26: =SUM(F26:U26) -> 56400 | W26: =V26/E26 -> 47
A27: 17a | B27: PP 2002 | C27: 50 x 20MM Poly Riser | D27: 10 | E27: 1300 | F27: 1300 | G27: 1300 | H27: 1300 | I27: 1300 | K27: 1300 | M27: 1300 | N27: 1300 | O27: 1300 | P27: 1300 | S27: 1300 | T27: 1300 | U27: 3900 | V27: =SUM(F27:U27) -> 18200 | W27: =V27/E27 -> 14
A28: 18a | B28: PP 2003 | C28: 80 X 20MM Poly Riser | D28: 10 | E28: 800 | F28: 800 | G28: 1600 | H28: 1600 | I28: 1600 | M28: 800 | Q28: 2400 | S28: 2400 | U28: 1600 | V28: =SUM(F28:U28) -> 12800 | W28: =V28/E28 -> 16
B29: PP 2006 | C29: 150 X 20MM Poly Riser | D29: 10 | E29: 450 | F29: 2250 | G29: 2250 | H29: 2250 | I29: 2250 | K29: 1800 | L29: 2250 | O29: 1800 | P29: 900 | S29: 1800 | T29: 1800 | U29: 2700 | V29: =SUM(F29:U29) -> 22050 | W29: =V29/E29 -> 49
B30: 90442200 | C30: 90442200 P/RISER M X M 3/4 X 3/4 X 150MM | D30: 10 | E30: 450 | G30: 1350 | J30: 2250 | L30: 2250 | N30: 1800 | P30: 900 | Q30: 1350 | S30: 450 | T30: 1800 | U30: 900 | V30: =SUM(F30:U30) -> 13050 | W30: =V30/E30 -> 29
A31: 19 | B31: PP - 2008 | C31: 200 x 20MM Poly Riser. | D31: 10 | E31: 330 | J31: 990 | V31: =SUM(F31:U31) -> 990 | W31: =V31/E31 -> 3
A32: 21 | B32: PP - 2012 | C32: 300 x 20MM Poly Riser. | D32: 10 | E32: 230 | F32: 2300 | G32: 2300 | H32: 2300 | I32: 2300 | L32: 1150 | M32: 1150 | Q32: 1380 | R32: 1380 | S32: 2300 | U32: 2990 | V32: =SUM(F32:U32) -> 19550 | W32: =V32/E32 -> 85
A33: 21A | B33: 90442300 | C33: 90442300 P/Riser MXM 20x20x300 mm | D33: 10 | E33: 230 | G33: 2300 | J33: 2300 | L33: 2070 | N33: 2300 | Q33: 2990 | S33: 1380 | U33: 3450 | V33: =SUM(F33:U33) -> 16790 | W33: =V33/E33 -> 73
A34: 23 | B34: PPA - 2012 | C34: 300 x 20MM Artic Riser | D34: 5 | E34: 50 | H34: 500 | N34: 500 | P34: 500 | Q34: 250 | R34: 250 | S34: 500 | V34: =SUM(F34:U34) -> 2500 | W34: =V34/E34 -> 50
A35: 24 | B35: MFE - 20 | C35: M/F Elbow 20MM | D35: 50 | E35: 600 | G35: 1200 | P35: 600 | T35: 600 | V35: =SUM(F35:U35) -> 2400 | W35: =V35/E35 -> 4
A36: 25a | B36: FFC-20 | C36: 20MM F/F Couplings | D36: 10 | E36: 800 | F36: 3200 | G36: 2400 | H36: 2400 | L36: 2400 | P36: 1600 | Q36: 4000 | S36: 1600 | T36: 2400 | U36: 2400 | V36: =SUM(F36:U36) -> 22400 | W36: =V36/E36 -> 28
B37: PP 2504 | C37: 100 X 25MM Poly Riser | D37: 10 | E37: 400 | G37: 800 | H37: 400 | T37: 400 | V37: =SUM(F37:U37) -> 1600 | W37: =V37/E37 -> 4
B38: PP 2506 | C38: 150 X 25MM Poly Riser | D38: 10 | E38: 300 | G38: 900 | H38: 600 | P38: 300 | R38: 300 | T38: 300 | U38: 1200 | V38: =SUM(F38:U38) -> 3600 | W38: =V38/E38 -> 12
B39: 90443200 | C39: 90443200 P/RISER M X M 1 x 1 x 150 MM | D39: 10 | E39: 300 | H39: 1200 | I39: 1200 | K39: 1200 | L39: 1800 | N39: 1500 | O39: 600 | P39: 1200 | Q39: 900 | S39: 1500 | T39: 2100 | U39: 3300 | V39: =SUM(F39:U39) -> 16500 | W39: =V39/E39 -> 55
A40: 26 | B40: PP 2512 | C40: 300 x 25MM Poly Riser. | D40: 10 | E40: 160 | F40: 1600 | G40: 1600 | M40: 2080 | N40: 320 | O40: 480 | Q40: 800 | R40: 1600 | S40: 1600 | U40: 1600 | V40: =SUM(F40:U40) -> 11680 | W40: =V40/E40 -> 73
A41: 26A | B41: 90443300 | C41: 90443300 P/Riser MXM 25x25x300 mm | D41: 10 | E41: 160 | G41: 1600 | J41: 1600 | K41: 1600 | M41: 1600 | N41: 3200 | O41: 1600 | Q41: 1600 | U41: 2400 | V41: =SUM(F41:U41) -> 15200 | W41: =V41/E41 -> 95
A42: 28 | B42: MFE 25 | C42: M/F Elbow 25MM (1") | D42: 50 | E42: 350 | G42: 700 | H42: 700 | I42: 700 | Q42: 350 | S42: 350 | V42: =SUM(F42:U42) -> 2800 | W42: =V42/E42 -> 8
A43: 31 | B43: MFA - 15 | C43: 15MM M/F Adaptors. | D43: 50 | E43: 1750 | G43: 12250 | J43: 5250 | L43: 5250 | N43: 5250 | Q43: 7000 | S43: 5250 | T43: 5250 | U43: 10500 | V43: =SUM(F43:U43) -> 56000 | W43: =V43/E43 -> 32
A45: TOTAL | F45: =SUM(F7:F44) -> 160500 | G45: =SUM(G7:G44) -> 203400 | H45: =SUM(H7:H44) -> 147950 | I45: =SUM(I7:I44) -> 107250 | J45: =SUM(J7:J44) -> 50290 | K45: =SUM(K7:K44) -> 62800 | L45: =SUM(L7:L44) -> 98170 | M45: =SUM(M7:M44) -> 89230 | ... V45: =SUM(V7:V44) -> 1490930
A46: TOTAL BOXES | W46: =SUM(W7:W44) -> 2208

Sheet Moulded-2017
A1: MOULDED - 2017 INVOICE NO | F1: 3177 | G1: 3180 | H1: 3182 | I1: 3185 | J1: 3189 | K1: 3191 | L1: 3193 | M1: 3195 | N1: 3197 | O1: 3198 | P1: 3199 | Q1: 3201 | R1: 3202 | S1: 3203 | T1: 3204 | U1: 3205 | V1: 3207 | W1: 3208 | X1: 3210 | Y1: 3211 | Z1: 3212 | AA1: 3214 | AB1: 3216 | AC1: TOTAL
A2: DATE | F2: 25.01.17 | G2: 02.02.17 | H2: 15.02.17 | I2: 16.03.17 | J2: 01.04.17 | K2: 12.04.17 | L2: 25.04.17 | M2: 18.05.17 | N2: 08.06.17 | O2: 22.06.17 | P2: 11.07.17 | Q2: 26.07.17 | R2: 01.08.17 | S2: 17.08.17 | T2: 21.09.17 | U2: 06.10.17 | V2: 26.10.17 | W2: 26.10.17 | X2: 09.11.17 | Y2: 22.11.17 | Z2: 01.12.17 | AA2: 14.12.17 | AB2: 21.12.17 | AC2: PCS | AD2: BOX
D3: PKGS | F3: 200 | G3: 25 | H3: 142 | I3: 2 | J3: 242 | K3: 10 | L3: 45 | M3: 318 | N3: 63 | O3: 232 | P3: 143 | Q3: =67+18 -> 85 | R3: 54 | S3: 92 | T3: =16+217 -> 233 | U3: 147 | V3: 178 | W3: 57 | X3: =187+50 -> 237 | Y3: 299 | Z3: 54 | AA3: 108 | AB3: 533
A4: Sr. No. | B4: CODE | C4: DESCRIPTION | D4: PACKING | F4: PCS | G4: PCS | H4: PCS | I4: PCS | J4: PCS | K4: PCS | L4: PCS | M4: PCS | N4: PCS | O4: PCS | P4: PCS | Q4: PCS | R4: PCS | S4: PCS | T4: PCS | U4: PCS | V4: PCS | W4: PCS | X4: PCS | Y4: PCS | Z4: PCS | AA4: PCS | AB4: PCS
D5: UNIT | E5: BOX
A7: 1A | B7: PP - 1501 | C7: 25 x 15MM Poly Riser | D7: 100 | E7: 2000 | H7: 4000 | J7: 4000 | M7: 6000 | Y7: 2000 | AA7: 20000 | AB7: 4000 | AC7: =SUM(F7:AB7) -> 40000 | AD7: =AC7/E7 -> 20
A8: 2 | B8: PP - 1502 | C8: 50X15 MM Poly Eriser | D8: 100 | E8: 2000 | J8: 20000 | M8: 10000 | N8: 2000 | P8: 8000 | S8: 10000 | Y8: 10000 | AA8: 10000 | AC8: =SUM(F8:AB8) -> 70000 | AD8: =AC8/E8 -> 35
A9: 3 | B9: PP - 1503 | C9: 80 x 15MM Poly Riser | D9: 50 | E9: 1100 | F9: 5500 | J9: 6600 | M9: 14300 | N9: 2200 | P9: 8800 | S9: 6600 | Y9: 6600 | AC9: =SUM(F9:AB9) -> 50600 | AD9: =AC9/E9 -> 46
A10: 4 | B10: PP - 1504 | C10: 100 x 15MM Poly Riser. | D10: 50 | E10: 1000 | F10: 1000 | H10: 5000 | J10: 12000 | M10: 5000 | N10: 6000 | P10: 4000 | Y10: 1000 | AA10: 5000 | AB10: 8000 | AC10: =SUM(F10:AB10) -> 47000 | AD10: =AC10/E10 -> 47
A11: 5 | B11: PP - 1505 | C11: 125 X 15 MM Poly Riser | D11: 50 | E11: 800 | H11: 4000 | J11: 8800 | M11: 4000 | N11: 1600 | P11: 4800 | Y11: 800 | AA11: 8000 | AB11: 4000 | AC11: =SUM(F11:AB11) -> 36000 | AD11: =AC11/E11 -> 45
A12: 6 | B12: PP - 1506 | C12: 150 x 15MM Poly Riser. | D12: 50 | E12: 600 | F12: 3000 | H12: 4200 | J12: 18600 | M12: 7800 | N12: 4200 | P12: 3000 | S12: 6000 | U12: 6000 | Y12: 6000 | AA12: 2400 | AC12: =SUM(F12:AB12) -> 61200 | AD12: =AC12/E12 -> 102
A13: 6A | B13: 90441200 | C13: 90441200 150x15 MM Poly Riser | D13: 50 | E13: 600 | G13: 3000 | I13: 1200 | M13: 1200 | Q13: 1200 | S13: 1200 | V13: 2400 | X13: 4200 | AB13: 2400 | AC13: =SUM(F13:AB13) -> 16800 | AD13: =AC13/E13 -> 28
A14: 7 | B14: PP - 1508 | C14: 200 x 15MM Poly Riser. | D14: 10 | E14: 400 | F14: 2000 | J14: 2400 | M14: 2000 | P14: 1200 | AA14: 400 | AB14: 5600 | AC14: =SUM(F14:AB14) -> 13600 | AD14: =AC14/E14 -> 34
A15: 8 | B15: PP - 1509 | C15: 225 x 15MM Poly Riser. | D15: 10 | E15: 400 | F15: 5200 | H15: 8000 | J15: 8000 | M15: 4000 | N15: 2000 | P15: 6000 | S15: 4000 | Y15: 6000 | AC15: =SUM(F15:AB15) -> 43200 | AD15: =AC15/E15 -> 108
A16: 9 | B16: PP - 1512 | C16: Risers 1/2"(15MM)x12"(300MM) | D16: 10 | E16: 300 | F16: 9000 | H16: 9000 | J16: 9000 | M16: 12000 | P16: 3000 | S16: 3000 | U16: 7200 | Y16: 10800 | AA16: 3000 | AB16: 9000 | AC16: =SUM(F16:AB16) -> 75000 | AD16: =AC16/E16 -> 250
A17: 9A | B17: 90441300 | C17: 90441300 P/Riser MXM 15x15x300 | D17: 10 | E17: 300 | J17: 900 | M17: 1500 | N17: 600 | P17: 1200 | W17: 1800 | Y17: 4500 | AA17: 1200 | AB17: 1200 | AC17: =SUM(F17:AB17) -> 12900 | AD17: =AC17/E17 -> 43
A18: 9B | B18: PET 1512 | C18: Full Threadd Roser 15mmx300 MM | D18: 10 | E18: 300 | F18: 3000 | G18: 3000 | K18: 3000 | Q18: 1500 | S18: 1200 | T18: 3000 | X18: 3000 | Z18: 1200 | AB18: 18000 | AC18: =SUM(F18:AB18) -> 36900 | AD18: =AC18/E18 -> 123
A19: 10 | B19: PPA - 1506 | C19: 150 x 15MM Articulated P.Riser. | D19: 10 | E19: 130 | AC19: =SUM(F19:AB19) -> 0 | AD19: =AC19/E19 -> 0
B20: PPA - 1508 | C20: 200 x 15MM Articulated P.Riser. | D20: 10 | E20: 110 | P20: 1100 | AB20: 550 | AC20: =SUM(F20:AB20) -> 1650 | AD20: =AC20/E20 -> 15
A21: 12 | B21: PPA - 1512 | C21: Articulated Riser 1/2"(15mm)x300MM | D21: 10 | E21: 80 | F21: 400 | H21: 400 | J21: 400 | M21: 480 | P21: 400 | U21: 400 | Y21: 480 | AA21: 480 | AC21: =SUM(F21:AB21) -> 3440 | AD21: =AC21/E21 -> 43
A22: 13 | B22: FFC - 15 | C22: F/F Couplings 1/2"(15MM) | D22: 100 | E22: 1200 | F22: 24000 | J22: 12000 | M22: 12000 | N22: 6000 | P22: 18000 | S22: 12000 | U22: 24000 | Y22: 10800 | AA22: 12000 | AB22: 3600 | AC22: =SUM(F22:AB22) -> 134400 | AD22: =AC22/E22 -> 112
A23: 14 | B23: MFE - 15 | C23: M/F Elbow 1/2" (15MM) | D23: 100 | E23: 1000 | F23: 26000 | H23: 10000 | J23: 10000 | M23: 6000 | N23: 5000 | U23: 4000 | Y23: 5000 | AA23: 5000 | AB23: 5000 | AC23: =SUM(F23:AB23) -> 76000 | AD23: =AC23/E23 -> 76
A24: 15 | B24: CAP - 15 | C24: 15MM F.I.Cap. | D24: 50 | E24: 2800 | F24: 5600 | J24: 14000 | M24: 5600 | N24: 5600 | P24: 5600 | U24: 11200 | Y24: 5600 | AA24: 8400 | AC24: =SUM(F24:AB24) -> 61600 | AD24: =AC24/E24 -> 22
A25: 16 | B25: CUTPL - 15 | C25: 15MM Rigid Cut Off Riser. | D25: 50 | E25: 550 | F25: 1100 | H25: 4400 | J25: 5500 | M25: 11000 | P25: 5500 | U25: 4400 | W25: 550 | Y25: 6050 | AB25: 1100 | AC25: =SUM(F25:AB25) -> 39600 | AD25: =AC25/E25 -> 72
A26: 16A | B26: CUT-15 | C26: 15 MM Flexi Cut-Off Riser | D26: 50 | E26: 550 | F26: 1100 | H26: 4400 | J26: 1100 | M26: 9900 | P26: 5500 | U26: 5500 | Y26: 5500 | AA26: 550 | AC26: =SUM(F26:AB26) -> 33550 | AD26: =AC26/E26 -> 61
A27: 16B | B27: CUTMF 15 | C27: 15 mm M/F Cut off Riser | D27: 10 | E27: 1200 | H27: 8400 | J27: 6000 | M27: 10800 | N27: 4800 | P27: 4800 | U27: 4800 | W27: 4800 | Y27: 9600 | AC27: =SUM(F27:AB27) -> 54000 | AD27: =AC27/E27 -> 45
A28: 17a | B28: PP 2002 | C28: 50 x 20MM Poly Riser | D28: 10 | E28: 1300 | F28: 3900 | H28: 1300 | J28: 2600 | M28: 2600 | N28: 2600 | P28: 2600 | S28: 1300 | Y28: 2600 | AA28: 2600 | AC28: =SUM(F28:AB28) -> 22100 | AD28: =AC28/E28 -> 17
A29: 18a | B29: PP 2003 | C29: 80 X 20MM Poly Riser | D29: 10 | E29: 800 | F29: 2400 | H29: 800 | J29: 1600 | M29: 1600 | N29: 1600 | P29: 1600 | S29: 800 | Y29: 1600 | AA29: 2400 | AC29: =SUM(F29:AB29) -> 14400 | AD29: =AC29/E29 -> 18
B30: PP 2006 | C30: 150 X 20MM Poly Riser | D30: 10 | E30: 450 | F30: 2700 | H30: 1800 | J30: 1800 | M30: 1800 | N30: 2250 | P30: 1350 | S30: 900 | U30: 900 | Y30: 1800 | AA30: 450 | AB30: 1350 | AC30: =SUM(F30:AB30) -> 17100 | AD30: =AC30/E30 -> 38
B31: 90442200 | C31: 90442200 P/RISER M X M 3/4 X 3/4 X 150MM | D31: 10 | E31: 450 | M31: 900 | N31: 2250 | P31: 2250 | S31: 900 | U31: 900 | W31: 3150 | Y31: 4950 | AB31: 2250 | AC31: =SUM(F31:AB31) -> 17550 | AD31: =AC31/E31 -> 39
A32: 19 | B32: PP - 2008 | C32: 200 x 20MM Poly Riser. | D32: 10 | E32: 330 | J32: 660 | M32: 330 | Y32: 660 | AC32: =SUM(F32:AB32) -> 1650 | AD32: =AC32/E32 -> 5
A33: 21 | B33: PP - 2012 | C33: 300 x 20MM Poly Riser. | D33: 10 | E33: 230 | F33: 2070 | H33: 1380 | J33: 2300 | M33: 2760 | S33: 1150 | U33: 1150 | Y33: 2300 | AA33: 1150 | AB33: 1150 | AC33: =SUM(F33:AB33) -> 15410 | AD33: =AC33/E33 -> 67
A34: 21A | B34: 90442300 | C34: 90442300 P/Riser MXM 20x20x300 mm | D34: 10 | E34: 230 | J34: 1150 | M34: 1380 | N34: 920 | S34: 1150 | U34: 920 | W34: 2070 | Y34: 5520 | AA34: 1150 | AB34: 1150 | AC34: =SUM(F34:AB34) -> 15410 | AD34: =AC34/E34 -> 67
B35: PET 2012 | C35: Full Threaded Riser 20mm x 300 MM | D35: 10 | E35: 230 | G35: 920 | X35: 920 | AC35: =SUM(F35:AB35) -> 1840 | AD35: =AC35/E35 -> 8
A36: 23 | B36: PPA - 2012 | C36: 300 x 20MM Artic Riser | D36: 5 | E36: 50 | F36: 400 | H36: 400 | J36: 400 | M36: 300 | Y36: 500 | AA36: 250 | AB36: 250 | AC36: =SUM(F36:AB36) -> 2500 | AD36: =AC36/E36 -> 50
A37: 24 | B37: MFE - 20 | C37: M/F Elbow 20MM | D37: 50 | E37: 600 | F37: 1800 | H37: 600 | J37: 600 | P37: 600 | U37: 1200 | Y37: 600 | AB37: 1200 | AC37: =SUM(F37:AB37) -> 6600 | AD37: =AC37/E37 -> 11
A38: 25a | B38: FFC-20 | C38: 20MM F/F Couplings | D38: 10 | E38: 800 | F38: 4000 | J38: 2400 | M38: 2400 | P38: 4000 | U38: 2400 | W38: 800 | Y38: 2400 | AC38: =SUM(F38:AB38) -> 18400 | AD38: =AC38/E38 -> 23
B39: PP 2504 | C39: 100 X 25MM Poly Riser | D39: 10 | E39: 400 | J39: 400 | M39: 400 | P39: 400 | S39: 400 | U39: 400 | Y39: 400 | AA39: 400 | AC39: =SUM(F39:AB39) -> 2800 | AD39: =AC39/E39 -> 7
B40: 90443100 | C40: 90443100 P/RISER M X M 1 x 1 x 100 MM | D40: 10 | E40: 400 | W40: 2000 | Y40: 3200 | AC40: =SUM(F40:AB40) -> 5200 | AD40: =AC40/E40 -> 13
B41: PP 2506 | C41: 150 X 25MM Poly Riser | D41: 10 | E41: 300 | F41: 600 | H41: 600 | J41: 600 | M41: 600 | Y41: 600 | AB41: 900 | AC41: =SUM(F41:AB41) -> 3900 | AD41: =AC41/E41 -> 13
B42: 90443200 | C42: 90443200 P/RISER M X M 1 x 1 x 150 MM | D42: 10 | E42: 300 | F42: 900 | H42: 600 | J42: 900 | M42: 600 | N42: 1200 | P42: 1800 | S42: 900 | U42: 1800 | W42: 2100 | Y42: 4800 | AB42: 2400 | AC42: =SUM(F42:AB42) -> 18000 | AD42: =AC42/E42 -> 60
A43: 26 | B43: PP 2512 | C43: 300 x 25MM Poly Riser. | D43: 10 | E43: 160 | F43: 800 | H43: 800 | J43: 1280 | M43: 1920 | S43: 960 | U43: 1760 | X43: 960 | Y43: 1600 | AA43: 800 | AB43: 800 | AC43: =SUM(F43:AB43) -> 11680 | AD43: =AC43/E43 -> 73
A44: 26A | B44: 90443300 | C44: 90443300 P/Riser MXM 25x25x300 mm | D44: 10 | E44: 160 | F44: 2400 | H44: 800 | J44: 1280 | M44: 960 | S44: 960 | U44: 1760 | W44: 1760 | Y44: 4960 | AA44: 800 | AB44: 800 | AC44: =SUM(F44:AB44) -> 16480 | AD44: =AC44/E44 -> 103
B45: PET 2512 | C45: Full Threaded Riser 25mm x 300 MM | D45: 10 | E45: 160 | G45: 960 | AC45: =SUM(F45:AB45) -> 960 | AD45: =AC45/E45 -> 6
B46: PPA 2512 | C46: 300 x 25MM Artic Riser | D46: 5 | E46: 35 | F46: 350 | M46: 350 | U46: 315 | W46: 210 | Y46: 560 | AC46: =SUM(F46:AB46) -> 1785 | AD46: =AC46/E46 -> 51
A47: 28 | B47: MFE 25 | C47: M/F Elbow 25MM (1") | D47: 50 | E47: 350 | F47: 700 | J47: 700 | U47: 700 | Y47: 700 | AA47: 350 | AC47: =SUM(F47:AB47) -> 3150 | AD47: =AC47/E47 -> 9
A48: 31 | B48: MFA - 15 | C48: 15MM M/F Adaptors. | D48: 50 | E48: 1750 | J48: 5250 | M48: 14000 | P48: 5250 | S48: 5250 | Y48: 5250 | AA48: 1750 | AC48: =SUM(F48:AB48) -> 36750 | AD48: =AC48/E48 -> 21
B49: PET 3212 | C49: Full Thread Riser 300 X 32MM | D49: 5 | E49: 85 | M49: 510 | X49: 510 | AC49: =SUM(F49:AB49) -> 1020 | AD49: =AC49/E49 -> 12
B50: PET 4012 | C50: Full Thread Riser 300 X 40MM | D50: 5 | E50: 75 | M50: 450 | T50: 450 | X50: 450 | AC50: =SUM(F50:AB50) -> 1350 | AD50: =AC50/E50 -> 18
B51: PET 5012 | C51: Full Thread Riser 300 X 50MM | D51: 5 | E51: 45 | Q51: 495 | X51: 495 | AC51: =SUM(F51:AB51) -> 990 | AD51: =AC51/E51 -> 22
C52: 280 MM BLACK PEG | D52: 50 | E52: 200 | L52: 3000 | M52: 4000 | O52: 16000 | R52: 3600 | V52: 5000 | X52: 5000 | AB52: 15000 | AC52: =SUM(F52:AB52) -> 51600 | AD52: =AC52/E52 -> 258
C53: 280 MM GREEN PEG | D53: 50 | E53: 200 | L53: 3000 | M53: 4000 | O53: 13200 | Q53: 2800 | R53: 3600 | V53: 5000 | X53: 5000 | AB53: 8000 | AC53: =SUM(F53:AB53) -> 44600 | AD53: =AC53/E53 -> 223
C54: 280 MM JARRAH PEG | D54: 50 | E54: 200 | L54: 3000 | M54: 2000 | O54: 8000 | R54: 3600 | V54: 5000 | X54: 5000 | AB54: 15000 | AC54: =SUM(F54:AB54) -> 41600 | AD54: =AC54/E54 -> 208
C55: 380 MM BLACK PEG | D55: 50 | E55: 150 | O55: 3600 | Q55: 3450 | T55: 12000 | V55: 4950 | X55: 5100 | AB55: 10050 | AC55: =SUM(F55:AB55) -> 39150 | AD55: =AC55/E55 -> 261
C56: 380 MM GREEN PEG | D56: 50 | E56: 150 | O56: 2700 | Q56: 2400 | T56: 10500 | V56: 4950 | X56: 6600 | Z56: 7500 | AB56: =2550+450 -> 3000 | AC56: =SUM(F56:AB56) -> 37650 | AD56: =AC56/E56 -> 251
C57: 380 MM JARRAH PEG | D57: 50 | E57: 150 | O57: 600 | Q57: 2100 | T57: 10050 | V57: 4950 | X57: 5100 | AB57: 10200 | AC57: =SUM(F57:AB57) -> 33000 | AD57: =AC57/E57 -> 220
A59: TOTAL | F59: =SUM(F7:F58) -> 109920 | G59: =SUM(G7:G58) -> 7880 | H59: =SUM(H7:H58) -> 70880 | I59: =SUM(I7:I58) -> 1200 | J59: =SUM(J7:J58) -> 163220 | K59: =SUM(K7:K58) -> 3000 | L59: =SUM(L7:L58) -> 9000 | M59: =SUM(M7:M58) -> 167440 | ... AC59: =SUM(AC7:AC58) -> 1392065
A60: TOTAL BOXES | AD60: =SUM(AD7:AD58) -> 3499
AD61: =SUM(F3:AB3) -> 3499

Sheet Moulded-2018
A1: MOULDED - 2018 INVOICE NO | F1: 3222 | G1: 3227 | H1: 3228 | I1: 3233 | J1: 3239 | K1: 3242 | L1: 3249 | M1: 3252 | N1: 3254 | O1: 3257 | P1: 3266 | Q1: 3275 | R1: 3282 | S1: TOTAL
A2: DATE | F2: 22.01.18 | G2: 14.02.18 | H2: 21.02.18 | I2: 21.03.18 | J2: 19.04.18 | K2: 09.05.18 | L2: 13.06.18 | M2: 04.07.18 | N2: 19.07.18 | O2: 02.08.18 | P2: 07.09.18 | Q2: 16.10.18 | R2: 22.11.18 | S2: PCS | T2: BOX
D3: PKGS | F3: 385 | G3: 255 | H3: 21 | I3: 319 | J3: 238 | K3: 221 | L3: 274 | M3: 188 | N3: 129 | O3: 58 | P3: 185 | Q3: 135 | R3: 162
A4: Sr. No. | B4: CODE | C4: DESCRIPTION | D4: PACKING | F4: PCS | G4: PCS | H4: PCS | I4: PCS | J4: PCS | K4: PCS | L4: PCS | M4: PCS | N4: PCS | O4: PCS | P4: PCS | Q4: PCS | R4: PCS
D5: UNIT | E5: BOX
A7: 1A | B7: PP - 1501 | C7: 25 x 15MM Poly Riser | D7: 100 | E7: 2000 | F7: 24000 | G7: 10000 | I7: 46000 | J7: 24000 | L7: 32000 | M7: 14000 | N7: 14000 | O7: 4000 | P7: 48000 | Q7: 26000 | R7: =50000+20000 -> 70000 | S7: =SUM(F7:R7) -> 312000 | T7: =S7/E7 -> 156
A8: 2 | B8: PP - 1502 | C8: 50X15 MM Poly Eriser | D8: 100 | E8: 2000 | I8: 40000 | J8: 20000 | L8: 16000 | M8: 6000 | N8: 14000 | O8: 10000 | P8: 10000 | Q8: 10000 | R8: 10000 | S8: =SUM(F8:R8) -> 136000 | T8: =S8/E8 -> 68
A9: 3 | B9: PP - 1503 | C9: 80 x 15MM Poly Riser | D9: 50 | E9: 1100 | F9: 9900 | G9: 13200 | I9: 8800 | J9: 11000 | K9: 11000 | L9: 8800 | M9: 4400 | N9: 6600 | O9: 6600 | P9: 8800 | Q9: 6600 | S9: =SUM(F9:R9) -> 95700 | T9: =S9/E9 -> 87
A10: 4 | B10: PP - 1504 | C10: 100 x 15MM Poly Riser. | D10: 50 | E10: 1000 | G10: 11000 | I10: 9000 | J10: 10000 | K10: 10000 | L10: 5000 | M10: 6000 | N10: 6000 | P10: 6000 | S10: =SUM(F10:R10) -> 63000 | T10: =S10/E10 -> 63
A11: 5 | B11: PP - 1505 | C11: 125 X 15 MM Poly Riser | D11: 50 | E11: 800 | G11: 8800 | I11: 5600 | J11: 8000 | L11: 9600 | M11: 4000 | N11: 4800 | P11: 4800 | Q11: 4000 | S11: =SUM(F11:R11) -> 49600 | T11: =S11/E11 -> 62
A12: 6 | B12: PP - 1506 | C12: 150 x 15MM Poly Riser. | D12: 50 | E12: 600 | F12: 21600 | I12: 7200 | J12: 12000 | K12: 12000 | L12: 9000 | M12: 6000 | O12: 6000 | P12: 6000 | Q12: 6000 | R12: 6000 | S12: =SUM(F12:R12) -> 91800 | T12: =S12/E12 -> 153
A13: 6A | B13: 90441200 | C13: 90441200 150x15 MM Poly Riser | D13: 50 | E13: 600 | F13: 2400 | H13: 1800 | I13: 1800 | J13: 1200 | L13: 600 | R13: 1200 | S13: =SUM(F13:R13) -> 9000 | T13: =S13/E13 -> 15
A14: 7 | B14: PP - 1508 | C14: 200 x 15MM Poly Riser. | D14: 10 | E14: 400 | F14: 4000 | I14: 4000 | J14: 4000 | K14: 4000 | L14: 2000 | S14: =SUM(F14:R14) -> 18000 | T14: =S14/E14 -> 45
A15: 8 | B15: PP - 1509 | C15: 225 x 15MM Poly Riser. | D15: 10 | E15: 400 | F15: 8000 | G15: 8000 | J15: 8000 | K15: 8000 | L15: 8000 | M15: 4000 | N15: 4000 | P15: 4000 | Q15: 4000 | R15: 4000 | S15: =SUM(F15:R15) -> 60000 | T15: =S15/E15 -> 150
A16: 9 | B16: PP - 1512 | C16: Risers 1/2"(15MM)x12"(300MM) | D16: 10 | E16: 300 | F16: 12000 | G16: 12000 | I16: 9000 | K16: 9000 | L16: 9000 | M16: 6000 | N16: 4800 | O16: 4200 | P16: 6000 | Q16: 6000 | R16: 6000 | S16: =SUM(F16:R16) -> 84000 | T16: =S16/E16 -> 280
A17: 9A | B17: 90441300 | C17: 90441300 P/Riser MXM 15x15x300 | D17: 10 | E17: 300 | F17: 1500 | G17: 1500 | I17: 1500 | K17: 1500 | L17: 1200 | R17: 900 | S17: =SUM(F17:R17) -> 8100 | T17: =S17/E17 -> 27
A18: 9B | B18: PET 1512 | C18: Full Threadd Roser 15mmx300 MM | D18: 10 | E18: 300 | F18: 12000 | H18: 4200 | I18: 9900 | J18: 6000 | L18: 6600 | S18: =SUM(F18:R18) -> 38700 | T18: =S18/E18 -> 129
A19: 10 | B19: PPA - 1506 | C19: 150 x 15MM Articulated P.Riser. | D19: 10 | E19: 130 | S19: =SUM(F19:R19) -> 0 | T19: =S19/E19 -> 0
B20: PPA - 1508 | C20: 200 x 15MM Articulated P.Riser. | D20: 10 | E20: 110 | F20: 440 | K20: 440 | M20: 550 | S20: =SUM(F20:R20) -> 1430 | T20: =S20/E20 -> 13
A21: 12 | B21: PPA - 1512 | C21: Articulated Riser 1/2"(15mm)x300MM | D21: 10 | E21: 80 | F21: 480 | G21: 480 | I21: 400 | K21: 560 | L21: 480 | M21: 480 | N21: 480 | P21: 480 | Q21: 480 | R21: 480 | S21: =SUM(F21:R21) -> 4800 | T21: =S21/E21 -> 60
A22: 13 | B22: FFC - 15 | C22: F/F Couplings 1/2"(15MM) | D22: 100 | E22: 1200 | F22: 20400 | G22: 14400 | I22: 3600 | J22: 18000 | K22: 18000 | L22: 7200 | M22: 4800 | N22: 12000 | P22: 18000 | Q22: 12000 | R22: 12000 | S22: =SUM(F22:R22) -> 140400 | T22: =S22/E22 -> 117
A23: 14 | B23: MFE - 15 | C23: M/F Elbow 1/2" (15MM) | D23: 100 | E23: 1000 | F23: 8000 | G23: 6000 | J23: 8000 | L23: 6000 | M23: 16000 | N23: 5000 | P23: 10000 | Q23: 5000 | R23: 5000 | S23: =SUM(F23:R23) -> 69000 | T23: =S23/E23 -> 69
A24: 15 | B24: CAP - 15 | C24: 15MM F.I.Cap. | D24: 50 | E24: 2800 | F24: 8400 | I24: 8400 | J24: 8400 | M24: 8400 | N24: 11200 | O24: 5600 | Q24: 5600 | R24: 5600 | S24: =SUM(F24:R24) -> 61600 | T24: =S24/E24 -> 22
A25: 16 | B25: CUTPL - 15 | C25: 15MM Rigid Cut Off Riser. | D25: 50 | E25: 550 | F25: 9900 | I25: 5500 | J25: 5500 | K25: 5500 | L25: 5500 | M25: 5500 | N25: 1100 | O25: 2200 | S25: =SUM(F25:R25) -> 40700 | T25: =S25/E25 -> 74
A26: 16A | B26: CUT-15 | C26: 15 MM Flexi Cut-Off Riser | D26: 50 | E26: 550 | F26: 5500 | I26: 5500 | J26: 5500 | K26: 5500 | L26: 5500 | M26: 5500 | N26: 1650 | O26: 1650 | S26: =SUM(F26:R26) -> 36300 | T26: =S26/E26 -> 66
A27: 16B | B27: CUTMF 15 | C27: 15 mm M/F Cut off Riser | D27: 10 | E27: 1200 | F27: 4800 | I27: 12000 | J27: 6000 | K27: 6000 | L27: 4800 | M27: 3600 | N27: 1200 | O27: 3600 | P27: 1200 | Q27: 4800 | R27: 4800 | S27: =SUM(F27:R27) -> 52800 | T27: =S27/E27 -> 44
A28: 17a | B28: PP 2002 | C28: 50 x 20MM Poly Riser | D28: 10 | E28: 1300 | G28: 5200 | J28: 2600 | K28: 2600 | L28: 2600 | M28: 1300 | N28: 1300 | O28: 2600 | P28: 2600 | Q28: 2600 | R28: 1300 | S28: =SUM(F28:R28) -> 24700 | T28: =S28/E28 -> 19
A29: 18a | B29: PP 2003 | C29: 80 X 20MM Poly Riser | D29: 10 | E29: 800 | G29: 4000 | J29: 2400 | K29: 1600 | L29: 2400 | M29: 2400 | N29: 2400 | P29: 2400 | Q29: 1600 | R29: 800 | S29: =SUM(F29:R29) -> 20000 | T29: =S29/E29 -> 25
B30: PP 2006 | C30: 150 X 20MM Poly Riser | D30: 10 | E30: 450 | F30: 2700 | G30: 2250 | I30: 1800 | K30: 1800 | L30: 1800 | M30: 2250 | N30: 900 | P30: 900 | Q30: 1350 | R30: 1350 | S30: =SUM(F30:R30) -> 17100 | T30: =S30/E30 -> 38
B31: 90442200 | C31: 90442200 P/RISER M X M 3/4 X 3/4 X 150MM | D31: 10 | E31: 450 | F31: 2250 | G31: 1800 | I31: 1800 | K31: 1800 | L31: 1800 | R31: 900 | S31: =SUM(F31:R31) -> 10350 | T31: =S31/E31 -> 23
A32: 19 | B32: PP - 2008 | C32: 200 x 20MM Poly Riser. | D32: 10 | E32: 330 | F32: 660 | S32: =SUM(F32:R32) -> 660 | T32: =S32/E32 -> 2
A33: 21 | B33: PP - 2012 | C33: 300 x 20MM Poly Riser. | D33: 10 | E33: 230 | F33: 1840 | G33: 1840 | I33: 2300 | K33: 2300 | L33: 1380 | M33: 1380 | N33: 1150 | P33: 230 | Q33: 690 | R33: 1150 | S33: =SUM(F33:R33) -> 14260 | T33: =S33/E33 -> 62
A34: 21A | B34: 90442300 | C34: 90442300 P/Riser MXM 20x20x300 mm | D34: 10 | E34: 230 | F34: 1380 | G34: 1150 | I34: 2300 | K34: 2300 | R34: 1150 | S34: =SUM(F34:R34) -> 8280 | T34: =S34/E34 -> 36
B35: PET 2012 | C35: Full Threaded Riser 20mm x 300 MM | D35: 10 | E35: 230 | F35: 690 | I35: 230 | L35: 920 | S35: =SUM(F35:R35) -> 1840 | T35: =S35/E35 -> 8
A36: 23 | B36: PPA - 2008 | C36: 200 x 20MM Artic Riser | D36: 5 | E36: 75 | F36: 600 | G36: 300 | J36: 300 | S36: =SUM(F36:R36) -> 1200 | T36: =S36/E36 -> 16
B37: PPA - 2012 | C37: 300 x 20MM Artic Riser | D37: 5 | E37: 50 | F37: 500 | G37: 300 | I37: 500 | K37: 500 | L37: 500 | M37: 500 | N37: 300 | O37: 200 | P37: 500 | Q37: 500 | R37: 500 | S37: =SUM(F37:R37) -> 4800 | T37: =S37/E37 -> 96
A38: 24 | B38: MFE - 20 | C38: M/F Elbow 20MM | D38: 50 | E38: 600 | F38: 600 | G38: 2400 | J38: 1200 | K38: 2400 | L38: 600 | M38: 600 | Q38: 600 | S38: =SUM(F38:R38) -> 8400 | T38: =S38/E38 -> 14
A39: 25a | B39: FFC-20 | C39: 20MM F/F Couplings | D39: 10 | E39: 800 | F39: 4800 | I39: 2400 | J39: 2400 | K39: 2400 | L39: 2400 | N39: 2400 | O39: 2400 | P39: 2400 | Q39: 1600 | R39: 1600 | S39: =SUM(F39:R39) -> 24800 | T39: =S39/E39 -> 31
B40: PP 2504 | C40: 100 X 25MM Poly Riser | D40: 10 | E40: 400 | F40: 800 | G40: 400 | J40: 400 | K40: 400 | S40: =SUM(F40:R40) -> 2000 | T40: =S40/E40 -> 5
B41: 90443100 | C41: 90443100 P/RISER M X M 1 x 1 x 100 MM | D41: 10 | E41: 400 | G41: 400 | J41: 400 | K41: 400 | L41: 1200 | S41: =SUM(F41:R41) -> 2400 | T41: =S41/E41 -> 6
B42: PP 2506 | C42: 150 X 25MM Poly Riser | D42: 10 | E42: 300 | F42: 600 | G42: 300 | I42: 300 | K42: 300 | L42: 600 | S42: =SUM(F42:R42) -> 2100 | T42: =S42/E42 -> 7
B43: 90443200 | C43: 90443200 P/RISER M X M 1 x 1 x 150 MM | D43: 10 | E43: 300 | F43: 1500 | G43: 2100 | I43: 1500 | K43: 1800 | L43: 1200 | M43: 900 | P43: 1200 | Q43: 900 | R43: 900 | S43: =SUM(F43:R43) -> 12000 | T43: =S43/E43 -> 40
A44: 26 | B44: PP 2512 | C44: 300 x 25MM Poly Riser. | D44: 10 | E44: 160 | F44: 1600 | G44: 1600 | I44: 1600 | J44: 1600 | L44: 1120 | M44: 1600 | N44: 800 | P44: 800 | Q44: 640 | R44: 960 | S44: =SUM(F44:R44) -> 12320 | T44: =S44/E44 -> 77
A45: 26A | B45: 90443300 | C45: 90443300 P/Riser MXM 25x25x300 mm | D45: 10 | E45: 160 | F45: 1600 | G45: 1920 | I45: 1600 | J45: 1600 | L45: 1120 | M45: 1600 | N45: 800 | P45: 800 | Q45: 960 | R45: 1600 | S45: =SUM(F45:R45) -> 13600 | T45: =S45/E45 -> 85
B46: PET 2512 | C46: Full Threaded Riser 25mm x 300 MM | D46: 10 | E46: 160 | F46: 320 | H46: 160 | I46: 320 | L46: 480 | P46: 800 | S46: =SUM(F46:R46) -> 2080 | T46: =S46/E46 -> 13
B47: PPA 2512 | C47: 300 x 25MM Artic Riser | D47: 5 | E47: 35 | F47: 1050 | G47: 1750 | I47: 1050 | J47: 700 | L47: 350 | M47: 350 | N47: 350 | S47: =SUM(F47:R47) -> 5600 | T47: =S47/E47 -> 160
A48: 28 | B48: MFE 25 | C48: M/F Elbow 25MM (1") | D48: 50 | E48: 350 | F48: 700 | I48: 700 | J48: 1050 | K48: 700 | L48: 700 | M48: 350 | S48: =SUM(F48:R48) -> 4200 | T48: =S48/E48 -> 12
A49: 31 | B49: MFA - 15 | C49: 15MM M/F Adaptors. | D49: 50 | E49: 1750 | F49: 14000 | I49: 7000 | J49: 7000 | K49: 8750 | M49: 10500 | P49: 14000 | Q49: 5250 | R49: 3500 | S49: =SUM(F49:R49) -> 70000 | T49: =S49/E49 -> 40
B50: PET 3212 | C50: Full Thread Riser 300 X 32MM | D50: 5 | E50: 85 | F50: 255 | H50: 85 | I50: 170 | L50: 255 | P50: 255 | S50: =SUM(F50:R50) -> 1020 | T50: =S50/E50 -> 12
B51: PET 4012 | C51: Full Thread Riser 300 X 40MM | D51: 5 | E51: 75 | F51: 300 | H51: 150 | I51: 150 | L51: 300 | P51: 300 | S51: =SUM(F51:R51) -> 1200 | T51: =S51/E51 -> 16
B52: PET 5012 | C52: Full Thread Riser 300 X 50MM | D52: 5 | E52: 45 | F52: 270 | I52: 360 | L52: 180 | P52: 405 | S52: =SUM(F52:R52) -> 1215 | T52: =S52/E52 -> 27
A54: TOTAL | F54: =SUM(F7:F53) -> 192335 | G54: =SUM(G7:G53) -> 113090 | H54: =SUM(H7:H53) -> 6395 | I54: =SUM(I7:I53) -> 204280 | J54: =SUM(J7:J53) -> 177250 | K54: =SUM(K7:K53) -> 121550 | L54: =SUM(L7:L53) -> 159185 | M54: =SUM(M7:M53) -> 118960 | ... S54: =SUM(S7:S53) -> 1639055
A55: TOTAL BOXES | T55: =SUM(T7:T53) -> 2570
T56: =SUM(F3:R3) -> 2570

Sheet Moulded-2019
A1: MOULDED - 2019 INVOICE NO | F1: 3290 | G1: 3293 | H1: 3296 | I1: 3300 | J1: 3303 | K1: 3306 | L1: 3310 | M1: 3311 | N1: 3312 | O1: 3316 | P1: 3318 | Q1: 3319 | R1: 3320 | S1: 3321 | T1: 3322 | U1: 3331 | V1: TOTAL
A2: DATE | F2: 10.01.19 | G2: 01.02.19 | H2: 14.02.19 | I2: 01.03.19 | J2: 01.04.19 | K2: 03.05.19 | L2: 07.06.19 | M2: 18.06.19 | N2: 05.07.19 | O2: 07.08.19 | P2: 21.08.19 | Q2: 10.09.19 | R2: 24.09.19 | S2: 10.10.19 | T2: 17,10.19 | U2: 12.12.19 | V2: PCS | W2: BOX
D3: PKGS | F3: 118 | G3: 14 | H3: 121 | I3: 71 | J3: 111 | K3: 220 | L3: 200 | M3: 10 | N3: 109 | O3: 149 | P3: 99 | Q3: 18 | R3: 100 | S3: 119 | T3: 52 | U3: 318
A4: Sr. No. | B4: CODE | C4: DESCRIPTION | D4: PACKING | F4: PCS | G4: PCS | H4: PCS | I4: PCS | J4: PCS | K4: PCS | L4: PCS | M4: PCS | N4: PCS | O4: PCS | P4: PCS | Q4: PCS | R4: PCS | S4: PCS | T4: PCS | U4: PCS
D5: UNIT | E5: BOX
A7: 1A | B7: PP - 1501 | C7: 25 x 15MM Poly Riser | D7: 100 | E7: 2000 | F7: 8000 | G7: 24000 | J7: 24000 | V7: =SUM(F7:U7) -> 56000 | W7: =V7/E7 -> 28
A8: 2 | B8: PP - 1502 | C8: 50X15 MM Poly Eriser | D8: 100 | E8: 2000 | J8: 10000 | K8: 10000 | L8: 10000 | N8: 10000 | O8: 10000 | V8: =SUM(F8:U8) -> 50000 | W8: =V8/E8 -> 25
A9: 3 | B9: PP - 1503 | C9: 80 x 15MM Poly Riser | D9: 50 | E9: 1100 | J9: 6600 | K9: 8800 | L9: 6600 | N9: 6600 | O9: 6600 | U9: 6600 | V9: =SUM(F9:U9) -> 41800 | W9: =V9/E9 -> 38
A10: 4 | B10: PP - 1504 | C10: 100 x 15MM Poly Riser. | D10: 50 | E10: 1000 | K10: 8000 | N10: 5000 | O10: 5000 | U10: 9000 | V10: =SUM(F10:U10) -> 27000 | W10: =V10/E10 -> 27
A11: 5 | B11: PP - 1505 | C11: 125 X 15 MM Poly Riser | D11: 50 | E11: 800 | K11: 8000 | N11: 3200 | O11: 4800 | T11: 4800 | U11: 4800 | V11: =SUM(F11:U11) -> 25600 | W11: =V11/E11 -> 32
A12: 6 | B12: PP - 1506 | C12: 150 x 15MM Poly Riser. | D12: 50 | E12: 600 | F12: 6000 | H12: 6000 | J12: 6000 | K12: 12000 | L12: 9000 | M12: 6000 | N12: 3000 | Q12: 6000 | T12: 4800 | U12: 8400 | V12: =SUM(F12:U12) -> 67200 | W12: =V12/E12 -> 112
A13: 6A | B13: 90441200 | C13: 90441200 150x15 MM Poly Riser | D13: 50 | E13: 600 | G13: 1200 | Q13: 1200 | T13: 1200 | U13: 1200 | V13: =SUM(F13:U13) -> 4800 | W13: =V13/E13 -> 8
A14: 7 | B14: PP - 1508 | C14: 200 x 15MM Poly Riser. | D14: 10 | E14: 400 | T14: 1200 | V14: =SUM(F14:U14) -> 1200 | W14: =V14/E14 -> 3
A15: 8 | B15: PP - 1509 | C15: 225 x 15MM Poly Riser. | D15: 10 | E15: 400 | F15: 4000 | H15: 4000 | I15: 6000 | K15: 8000 | L15: 8400 | N15: 2400 | O15: 5200 | P15: 4000 | T15: 6000 | U15: 6000 | V15: =SUM(F15:U15) -> 54000 | W15: =V15/E15 -> 135
A16: 9 | B16: PP - 1512 | C16: Risers 1/2"(15MM)x12"(300MM) | D16: 10 | E16: 300 | F16: 6000 | H16: 6000 | I16: 9000 | K16: 9000 | L16: 9000 | N16: 4500 | O16: 6000 | P16: 3000 | S16: 9000 | U16: 15000 | V16: =SUM(F16:U16) -> 76500 | W16: =V16/E16 -> 255
A17: 9A | B17: 90441300 | C17: 90441300 P/Riser MXM 15x15x300 | D17: 10 | E17: 300 | F17: 3000 | H17: 3000 | I17: 1200 | K17: 900 | L17: 900 | S17: 1200 | U17: 4200 | V17: =SUM(F17:U17) -> 14400 | W17: =V17/E17 -> 48
A18: 9B | B18: PET 1512 | C18: Full Threaded Riser 15mmx300 MM | D18: 10 | E18: 300 | V18: =SUM(F18:U18) -> 0 | W18: =V18/E18 -> 0
A19: 10 | B19: PPA - 1506 | C19: 150 x 15MM Articulated P.Riser. | D19: 10 | E19: 130 | V19: =SUM(F19:U19) -> 0 | W19: =V19/E19 -> 0
A20: 11 | B20: PPA - 1508 | C20: 200 x 15MM Articulated P.Riser. | D20: 10 | E20: 110 | H20: 550 | K20: 550 | U20: 440 | V20: =SUM(F20:U20) -> 1540 | W20: =V20/E20 -> 14
A21: 12 | B21: PPA - 1512 | C21: Articulated Riser 1/2"(15mm)x300MM | D21: 10 | E21: 80 | F21: 480 | H21: 480 | I21: 480 | K21: 560 | L21: 880 | N21: 400 | O21: 640 | P21: 480 | R21: 960 | S21: 480 | U21: 960 | V21: =SUM(F21:U21) -> 6800 | W21: =V21/E21 -> 85
A22: 13 | B22: FFC - 15 | C22: F/F Couplings 1/2"(15MM) | D22: 100 | E22: 1200 | F22: 12000 | H22: 18000 | J22: 24000 | K22: 12000 | L22: 12000 | N22: 12000 | O22: 12000 | P22: 18000 | R22: 24000 | S22: 18000 | U22: 18000 | V22: =SUM(F22:U22) -> 180000 | W22: =V22/E22 -> 150
A23: 14 | B23: MFE - 15 | C23: M/F Elbow 1/2" (15MM) | D23: 100 | E23: 1000 | F23: 5000 | H23: 5000 | J23: 5000 | K23: 7000 | L23: 6000 | N23: 5000 | O23: 5000 | P23: 5000 | R23: 10000 | S23: 5000 | U23: 5000 | V23: =SUM(F23:U23) -> 63000 | W23: =V23/E23 -> 63
A24: 15 | B24: CAP - 15 | C24: 15MM F.I.Cap. | D24: 50 | E24: 2800 | F24: 5600 | H24: 5600 | J24: 5600 | K24: 5600 | L24: 5600 | N24: 5600 | O24: 5600 | P24: 5600 | R24: 5600 | S24: 5600 | V24: =SUM(F24:U24) -> 56000 | W24: =V24/E24 -> 20
A25: 16 | B25: CUTPL - 15 | C25: 15MM Rigid Cut Off Riser. | D25: 50 | E25: 550 | K25: 5500 | L25: 3300 | N25: 3300 | O25: 3300 | P25: 3300 | R25: 2200 | T25: 3300 | U25: 3300 | V25: =SUM(F25:U25) -> 27500 | W25: =V25/E25 -> 50
A26: 16A | B26: CUT-15 | C26: 15 MM Flexi Cut-Off Riser | D26: 50 | E26: 550 | J26: 4400 | K26: 5500 | L26: 5500 | N26: 3300 | O26: 3300 | P26: 3300 | R26: 2200 | T26: 3300 | U26: 3300 | V26: =SUM(F26:U26) -> 34100 | W26: =V26/E26 -> 62
A27: 16B | B27: CUTMF 15 | C27: 15 mm M/F Cut off Riser | D27: 10 | E27: 1200 | F27: 4800 | H27: 4800 | J27: 6000 | K27: 6000 | L27: 3600 | N27: 4800 | O27: 6000 | P27: 6000 | R27: 9600 | S27: 4800 | U27: 4800 | V27: =SUM(F27:U27) -> 61200 | W27: =V27/E27 -> 51
A28: 17 | B28: PP 2002 | C28: 50 x 20MM Poly Riser | D28: 10 | E28: 1300 | K28: 1300 | O28: 1300 | S28: 1300 | U28: 1300 | V28: =SUM(F28:U28) -> 5200 | W28: =V28/E28 -> 4
A29: 18 | B29: PP 2003 | C29: 80 X 20MM Poly Riser | D29: 10 | E29: 800 | K29: 800 | O29: 800 | S29: 800 | U29: 800 | V29: =SUM(F29:U29) -> 3200 | W29: =V29/E29 -> 4
A30: 19 | B30: PP 2006 | C30: 150 X 20MM Poly Riser | D30: 10 | E30: 450 | F30: 1350 | H30: 1800 | J30: 1350 | K30: 1800 | L30: 3150 | N30: 900 | O30: 1800 | P30: 1350 | S30: 1350 | U30: 1350 | V30: =SUM(F30:U30) -> 16200 | W30: =V30/E30 -> 36
A31: 19A | B31: 90442200 | C31: 90442200 P/RISER M X M 3/4 X 3/4 X 150MM | D31: 10 | E31: 450 | K31: 900 | L31: 1350 | O31: 900 | U31: 900 | V31: =SUM(F31:U31) -> 4050 | W31: =V31/E31 -> 9
A32: 20 | B32: PP - 2008 | C32: 200 x 20MM Poly Riser. | D32: 10 | E32: 330 | J32: 330 | K32: 330 | L32: 330 | N32: 330 | O32: 330 | T32: 330 | V32: =SUM(F32:U32) -> 1980 | W32: =V32/E32 -> 6
A33: 21 | B33: PP - 2012 | C33: 300 x 20MM Poly Riser. | D33: 10 | E33: 230 | F33: 920 | H33: 920 | I33: 1380 | K33: 1840 | L33: 2070 | N33: 690 | O33: 1380 | P33: 1150 | S33: 1150 | U33: 3450 | V33: =SUM(F33:U33) -> 14950 | W33: =V33/E33 -> 65
A34: 21A | B34: 90442300 | C34: 90442300 P/Riser MXM 20x20x300 mm | D34: 10 | E34: 230 | F34: 920 | L34: 2070 | N34: 690 | O34: 1380 | S34: 1150 | U34: 2300 | V34: =SUM(F34:U34) -> 8510 | W34: =V34/E34 -> 37
A35: 21B | B35: PET 2012 | C35: Full Threaded Riser 20mm x 300 MM | D35: 10 | E35: 230 | V35: =SUM(F35:U35) -> 0 | W35: =V35/E35 -> 0
A36: 23 | B36: PPA - 2008 | C36: 200 x 20MM Artic Riser | D36: 5 | E36: 75 | V36: =SUM(F36:U36) -> 0 | W36: =V36/E36 -> 0
A37: 24 | B37: PPA - 2012 | C37: 300 x 20MM Artic Riser | D37: 5 | E37: 50 | F37: 400 | H37: 500 | I37: 500 | K37: 500 | L37: 500 | O37: 500 | P37: 500 | R37: 1000 | S37: 500 | U37: 2000 | V37: =SUM(F37:U37) -> 6900 | W37: =V37/E37 -> 138
A38: 25 | B38: MFE - 20 | C38: M/F Elbow 20MM | D38: 50 | E38: 600 | J38: 600 | K38: 600 | L38: 600 | N38: 600 | V38: =SUM(F38:U38) -> 2400 | W38: =V38/E38 -> 4
A39: 26 | B39: FFC-20 | C39: 20MM F/F Couplings | D39: 10 | E39: 800 | F39: 1600 | H39: 1600 | J39: 2400 | K39: 2400 | L39: 2400 | N39: 3200 | O39: 1600 | P39: 2400 | R39: 4800 | T39: 2400 | U39: 1600 | V39: =SUM(F39:U39) -> 26400 | W39: =V39/E39 -> 33
A40: 27 | B40: PP 2504 | C40: 100 X 25MM Poly Riser | D40: 10 | E40: 400 | V40: =SUM(F40:U40) -> 0 | W40: =V40/E40 -> 0
A41: 27A | B41: 90443100 | C41: 90443100 P/RISER M X M 1 x 1 x 100 MM | D41: 10 | E41: 400 | F41: 400 | K41: 400 | L41: 400 | S41: 400 | U41: 400 | V41: =SUM(F41:U41) -> 2000 | W41: =V41/E41 -> 5
A42: 28 | B42: PP 2506 | C42: 150 X 25MM Poly Riser | D42: 10 | E42: 300 | K42: 900 | L42: 600 | V42: =SUM(F42:U42) -> 1500 | W42: =V42/E42 -> 5
A43: 28A | B43: 90443200 | C43: 90443200 P/RISER M X M 1 x 1 x 150 MM | D43: 10 | E43: 300 | F43: 900 | J43: 900 | K43: 900 | L43: 900 | O43: 900 | S43: 1500 | U43: 2400 | V43: =SUM(F43:U43) -> 8400 | W43: =V43/E43 -> 28
A44: 29 | B44: PP 2512 | C44: 300 x 25MM Poly Riser. | D44: 10 | E44: 160 | F44: 800 | H44: 960 | J44: 800 | K44: 1280 | L44: 1440 | N44: 480 | O44: 960 | P44: 800 | S44: 960 | U44: 1760 | V44: =SUM(F44:U44) -> 10240 | W44: =V44/E44 -> 64
A45: 29A | B45: 90443300 | C45: 90443300 P/Riser MXM 25x25x300 mm | D45: 10 | E45: 160 | F45: 960 | H45: 960 | J45: 800 | K45: 1280 | L45: 1440 | N45: 480 | O45: 960 | P45: 960 | R45: 1280 | S45: 960 | U45: 4160 | V45: =SUM(F45:U45) -> 14240 | W45: =V45/E45 -> 89
A46: 29B | B46: PET 2512 | C46: Full Threaded Riser 25mm x 300 MM | D46: 10 | E46: 160 | V46: =SUM(F46:U46) -> 0 | W46: =V46/E46 -> 0
A47: 30 | B47: PPA 2512 | C47: 300 x 25MM Artic Riser | D47: 5 | E47: 35 | S47: 350 | U47: 1050 | V47: =SUM(F47:U47) -> 1400 | W47: =V47/E47 -> 40
A48: 31 | B48: MFE 25 | C48: M/F Elbow 25MM (1") | D48: 50 | E48: 350 | F48: 350 | H48: 700 | J48: 700 | K48: 700 | L48: 700 | N48: 700 | O48: 350 | V48: =SUM(F48:U48) -> 4200 | W48: =V48/E48 -> 12
A49: 32 | B49: MFA - 15 | C49: 15MM M/F Adaptors. | D49: 50 | E49: 1750 | J49: 5250 | K49: 7000 | L49: 5250 | N49: 5250 | O49: 5250 | P49: 3500 | T49: 3500 | V49: =SUM(F49:U49) -> 35000 | W49: =V49/E49 -> 20
A50: 33 | B50: PET 3212 | C50: Full Thread Riser 300 X 32MM | D50: 5 | E50: 85 | J50: 255 | R50: 510 | V50: =SUM(F50:U50) -> 765 | W50: =V50/E50 -> 9
A51: 34 | B51: PET 4012 | C51: Full Thread Riser 300 X 40MM | D51: 5 | E51: 75 | J51: 150 | V51: =SUM(F51:U51) -> 150 | W51: =V51/E51 -> 2
A52: 35 | B52: PET 5012 | C52: Full Thread Riser 300 X 50MM | D52: 5 | E52: 45 | J52: 315 | Q52: 270 | V52: =SUM(F52:U52) -> 585 | W52: =V52/E52 -> 13
A54: TOTAL | F54: =SUM(F7:F53) -> 63480 | G54: =SUM(G7:G53) -> 25200 | H54: =SUM(H7:H53) -> 60870 | I54: =SUM(I7:I53) -> 18560 | J54: =SUM(J7:J53) -> 105450 | K54: =SUM(K7:K53) -> 130340 | L54: =SUM(L7:L53) -> 103980 | M54: =SUM(M7:M53) -> 6000 | ... V54: =SUM(V7:V53) -> 1016910
A55: TOTAL BOXES | W55: =SUM(W7:W53) -> 1829
W56: =SUM(F3:U3) -> 1829

Sheet Moulded-2020
A1: MOULDED - 2020 INVOICE NO | F1: 3334 | G1: 3335 | H1: 3336 | I1: 3339 | J1: 3342 | K1: 3345 | L1: 3350 | M1: 3351 | N1: 3353 | O1: 3355 | P1: 3362 | Q1: TOTAL
A2: DATE | F2: 14.1.2020 | G2: 23.1.2020 | H2: 05.02.2020 | I2: 21.2.2020 | J2: 07.03.2020 | K2: 05.06.2020 | L2: 20.07.2020 | M2: 11.08.2020 | N2: 09.09.2020 | O2: 09.10.2020 | P2: 09.12.2020 | Q2: PCS | R2: BOX
D3: PKGS | F3: 118 | G3: 56 | H3: 155 | I3: 112 | J3: 111 | K3: 153 | L3: 93 | M3: 70 | N3: 133 | O3: 152 | P3: 276
A4: Sr. No. | B4: CODE | C4: DESCRIPTION | D4: PACKING | F4: PCS | G4: PCS | H4: PCS | I4: PCS | J4: PCS | K4: PCS | L4: PCS | M4: PCS | N4: PCS | O4: PCS | P4: PCS
D5: UNIT | E5: BOX
A7: 1A | B7: PP - 1501 | C7: 25 x 15MM Poly Riser | D7: 100 | E7: 2000 | J7: 10000 | K7: 16000 | P7: 50000 | Q7: =SUM(F7:P7) -> 76000 | R7: =Q7/E7 -> 38
A8: 2 | B8: PP - 1502 | C8: 50X15 MM Poly Eriser | D8: 100 | E8: 2000 | G8: 10000 | K8: 10000 | N8: 10000 | O8: 10000 | P8: 14000 | Q8: =SUM(F8:P8) -> 54000 | R8: =Q8/E8 -> 27
A9: 3 | B9: PP - 1503 | C9: 80 x 15MM Poly Riser | D9: 50 | E9: 1100 | F9: 14300 | K9: 11000 | O9: 11000 | P9: 28600 | Q9: =SUM(F9:P9) -> 64900 | R9: =Q9/E9 -> 59
A10: 4 | B10: PP - 1504 | C10: 100 x 15MM Poly Riser. | D10: 50 | E10: 1000 | G10: 6000 | I10: 10000 | J10: 10000 | K10: 10000 | L10: 10000 | M10: 5000 | N10: 5000 | Q10: =SUM(F10:P10) -> 56000 | R10: =Q10/E10 -> 56
B11: PP - 1504 | C11: 100 x 15MM Poly Riser. | D11: 50 | E11: 1000 | N11: 10000 | O11: 10000 | P11: 10000 | Q11: =SUM(F11:P11) -> 30000 | R11: =Q11/E11 -> 30
A12: 5 | B12: PP - 1505 | C12: 125 X 15 MM Poly Riser | D12: 50 | E12: 800 | F12: 4000 | I12: 6400 | M12: 8000 | O12: 6400 | P12: 3200 | Q12: =SUM(F12:P12) -> 28000 | R12: =Q12/E12 -> 35
A13: 6 | B13: PP - 1506 | C13: 150 x 15MM Poly Riser. | D13: 50 | E13: 600 | F13: 4800 | I13: 4800 | J13: 6000 | K13: 12000 | L13: 3600 | N13: 6000 | P13: 6000 | Q13: =SUM(F13:P13) -> 43200 | R13: =Q13/E13 -> 72
A14: 6A | B14: 90441200 | C14: 90441200 150x15 MM Poly Riser | D14: 50 | E14: 600 | I14: 2400 | J14: 6000 | K14: 3600 | L14: 5400 | N14: 3000 | P14: 1800 | Q14: =SUM(F14:P14) -> 22200 | R14: =Q14/E14 -> 37
A15: 7 | B15: PP - 1508 | C15: 200 x 15MM Poly Riser. | D15: 10 | E15: 400 | F15: 1200 | I15: 1200 | L15: 1600 | P15: 1200 | Q15: =SUM(F15:P15) -> 5200 | R15: =Q15/E15 -> 13
A16: 8 | B16: PP - 1509 | C16: 225 x 15MM Poly Riser. | D16: 10 | E16: 400 | F16: 8000 | I16: 8000 | L16: 8000 | N16: 8000 | P16: 4000 | Q16: =SUM(F16:P16) -> 36000 | R16: =Q16/E16 -> 90
A17: 9 | B17: PP - 1512 | C17: Risers 1/2"(15MM)x12"(300MM) | D17: 10 | E17: 300 | H17: 15000 | K17: 12000 | M17: 9000 | N17: 1800 | O17: 3000 | P17: 6000 | Q17: =SUM(F17:P17) -> 46800 | R17: =Q17/E17 -> 156
A18: 9A | B18: 90441300 | C18: 90441300 P/Riser MXM 15x15x300 | D18: 10 | E18: 300 | G18: 1200 | H18: 6000 | K18: 6000 | N18: 3000 | O18: 6000 | P18: 3000 | Q18: =SUM(F18:P18) -> 25200 | R18: =Q18/E18 -> 84
A19: 9B | B19: PET 1512 | C19: Full Threadd Roser 15mmx300 MM | D19: 10 | E19: 300 | F19: 3000 | J19: 3000 | L19: 3000 | P19: 3000 | Q19: =SUM(F19:P19) -> 12000 | R19: =Q19/E19 -> 40
A20: 10 | B20: PPA - 1506 | C20: 150 x 15MM Articulated P.Riser. | D20: 10 | E20: 130 | I20: 390 | K20: 260 | O20: 260 | Q20: =SUM(F20:P20) -> 910 | R20: =Q20/E20 -> 7
B21: PPA - 1508 | C21: 200 x 15MM Articulated P.Riser. | D21: 10 | E21: 110 | F21: 440 | I21: 440 | O21: 550 | Q21: =SUM(F21:P21) -> 1430 | R21: =Q21/E21 -> 13
A22: 12 | B22: PPA - 1512 | C22: Articulated Riser 1/2"(15mm)x300MM | D22: 10 | E22: 80 | H22: 480 | O22: 960 | P22: 480 | Q22: =SUM(F22:P22) -> 1920 | R22: =Q22/E22 -> 24
A23: 13 | B23: FFC - 15 | C23: F/F Couplings 1/2"(15MM) | D23: 100 | E23: 1200 | G23: 24000 | I23: 12000 | J23: 6000 | M23: 4800 | N23: 12000 | O23: 12000 | P23: 43200 | Q23: =SUM(F23:P23) -> 114000 | R23: =Q23/E23 -> 95
A24: 14 | B24: MFE - 15 | C24: M/F Elbow 1/2" (15MM) | D24: 100 | E24: 1000 | G24: 5000 | I24: 5000 | K24: 4000 | P24: 7000 | Q24: =SUM(F24:P24) -> 21000 | R24: =Q24/E24 -> 21
A25: 15 | B25: CAP - 15 | C25: 15MM F.I.Cap. | D25: 50 | E25: 2800 | G25: 5600 | J25: 5600 | N25: 5600 | O25: 11200 | Q25: =SUM(F25:P25) -> 28000 | R25: =Q25/E25 -> 10
A26: 16 | B26: CUTPL - 15 | C26: 15MM Rigid Cut Off Riser. | D26: 50 | E26: 550 | F26: 5500 | I26: 3300 | L26: 5500 | P26: 1650 | Q26: =SUM(F26:P26) -> 15950 | R26: =Q26/E26 -> 29
A27: 16A | B27: CUT-15 | C27: 15 MM Flexi Cut-Off Riser | D27: 50 | E27: 550 | F27: 5500 | I27: 3300 | L27: 5500 | P27: 1650 | Q27: =SUM(F27:P27) -> 15950 | R27: =Q27/E27 -> 29
A28: 16B | B28: CUTMF 15 | C28: 15 mm M/F Cut off Riser | D28: 10 | E28: 1200 | G28: 6000 | J28: 6000 | M28: 3600 | N28: 6000 | O28: 3600 | P28: 12000 | Q28: =SUM(F28:P28) -> 37200 | R28: =Q28/E28 -> 31
A29: 17a | B29: PP 2002 | C29: 50 x 20MM Poly Riser | D29: 10 | E29: 1300 | F29: 2600 | H29: 2600 | L29: 2600 | M29: 2600 | N29: 2600 | P29: 2600 | Q29: =SUM(F29:P29) -> 15600 | R29: =Q29/E29 -> 12
A30: 18a | B30: PP 2003 | C30: 80 X 20MM Poly Riser | D30: 10 | E30: 800 | F30: 1600 | H30: 1600 | L30: 2400 | M30: 1600 | N30: 800 | O30: 1600 | P30: 1600 | Q30: =SUM(F30:P30) -> 11200 | R30: =Q30/E30 -> 14
B31: PP 2006 | C31: 150 X 20MM Poly Riser | D31: 10 | E31: 450 | F31: 2250 | H31: 1800 | L31: 2700 | M31: 1800 | N31: 1800 | O31: 1800 | P31: 1800 | Q31: =SUM(F31:P31) -> 13950 | R31: =Q31/E31 -> 31
B32: 90442200 | C32: 90442200 P/RISER M X M 3/4 X 3/4 X 150MM | D32: 10 | E32: 450 | F32: 1800 | H32: 1800 | Q32: =SUM(F32:P32) -> 3600 | R32: =Q32/E32 -> 8
A33: 19 | B33: PP - 2008 | C33: 200 x 20MM Poly Riser. | D33: 10 | E33: 330 | F33: 330 | Q33: =SUM(F33:P33) -> 330 | R33: =Q33/E33 -> 1
B34: PP - 2008 | C34: 200 x 20MM Poly Riser. | D34: 10 | E34: 320 | I34: 320 | K34: 320 | O34: 320 | Q34: =SUM(F34:P34) -> 960 | R34: =Q34/E34 -> 3
A35: 21 | B35: PP - 2012 | C35: 300 x 20MM Poly Riser. | D35: 10 | E35: 230 | H35: 2300 | K35: 2300 | N35: 2300 | O35: 1380 | P35: 920 | Q35: =SUM(F35:P35) -> 9200 | R35: =Q35/E35 -> 40
A36: 21A | B36: 90442300 | C36: 90442300 P/Riser MXM 20x20x300 mm | D36: 10 | E36: 230 | K36: 1150 | Q36: =SUM(F36:P36) -> 1150 | R36: =Q36/E36 -> 5
B37: PET 2012 | C37: Full Threaded Riser 20mm x 300 MM | D37: 10 | E37: 230 | Q37: =SUM(F37:P37) -> 0 | R37: =Q37/E37 -> 0
A38: 23 | B38: PPA - 2008 | C38: 200 x 20MM Artic Riser | D38: 5 | E38: 75 | Q38: =SUM(F38:P38) -> 0 | R38: =Q38/E38 -> 0
B39: PPA - 2012 | C39: 300 x 20MM Artic Riser | D39: 5 | E39: 50 | H39: 500 | K39: 500 | Q39: =SUM(F39:P39) -> 1000 | R39: =Q39/E39 -> 20
A40: 24 | B40: MFE - 20 | C40: M/F Elbow 20MM | D40: 50 | E40: 600 | O40: 600 | Q40: =SUM(F40:P40) -> 600 | R40: =Q40/E40 -> 1
A41: 25a | B41: FFC-20 | C41: 20MM F/F Couplings | D41: 10 | E41: 800 | G41: 2400 | I41: 2400 | L41: 2400 | N41: 2400 | P41: 800 | Q41: =SUM(F41:P41) -> 10400 | R41: =Q41/E41 -> 13
B42: PP 2504 | C42: 100 X 25MM Poly Riser | D42: 10 | E42: 400 | F42: 400 | H42: 400 | J42: 400 | O42: 400 | P42: 400 | Q42: =SUM(F42:P42) -> 2000 | R42: =Q42/E42 -> 5
B43: 90443100 | C43: 90443100 P/RISER M X M 1 x 1 x 100 MM | D43: 10 | E43: 400 | F43: 400 | H43: 400 | J43: 400 | M43: 800 | P43: 1600 | Q43: =SUM(F43:P43) -> 3600 | R43: =Q43/E43 -> 9
B44: PP 2506 | C44: 150 X 25MM Poly Riser | D44: 10 | E44: 300 | H44: 600 | J44: 600 | O44: 600 | P44: 900 | Q44: =SUM(F44:P44) -> 2700 | R44: =Q44/E44 -> 9
B45: 90443200 | C45: 90443200 P/RISER M X M 1 x 1 x 150 MM | D45: 10 | E45: 300 | F45: 1800 | H45: 2400 | J45: 3000 | M45: 2400 | O45: 3000 | P45: 3000 | Q45: =SUM(F45:P45) -> 15600 | R45: =Q45/E45 -> 52
A46: 26 | B46: PP 2512 | C46: 300 x 25MM Poly Riser. | D46: 10 | E46: 160 | F46: 800 | H46: 1600 | J46: 1600 | N46: 1600 | O46: 1600 | P46: 1600 | Q46: =SUM(F46:P46) -> 8800 | R46: =Q46/E46 -> 55
A47: 26A | B47: 90443300 | C47: 90443300 P/Riser MXM 25x25x300 mm | D47: 10 | E47: 160 | H47: 2400 | J47: 2400 | N47: 2400 | O47: 2400 | P47: 4800 | Q47: =SUM(F47:P47) -> 14400 | R47: =Q47/E47 -> 90
B48: PET 2512 | C48: Full Threaded Riser 25mm x 300 MM | D48: 10 | E48: 160 | Q48: =SUM(F48:P48) -> 0 | R48: =Q48/E48 -> 0
B49: PPA 2512 | C49: 300 x 25MM Artic Riser | D49: 5 | E49: 35 | G49: 140 | H49: 350 | I49: 700 | J49: 350 | Q49: =SUM(F49:P49) -> 1540 | R49: =Q49/E49 -> 44
A50: 28 | B50: MFE 25 | C50: M/F Elbow 25MM (1") | D50: 50 | E50: 350 | G50: 700 | I50: 350 | K50: 350 | O50: 350 | Q50: =SUM(F50:P50) -> 1750 | R50: =Q50/E50 -> 5
A51: 29 | B51: FFC-25 | C51: FFC 25 F/F Couplings | D51: 10 | E51: 520 | J51: 2600 | Q51: =SUM(F51:P51) -> 2600 | R51: =Q51/E51 -> 5
B52: FFC-25 | C52: FFC 25 F/F Couplings | D52: 10 | E52: 450 | K52: 450 | Q52: =SUM(F52:P52) -> 450 | R52: =Q52/E52 -> 1
A53: 31 | B53: MFA - 15 | C53: 15MM M/F Adaptors. | D53: 50 | E53: 1750 | Q53: =SUM(F53:P53) -> 0 | R53: =Q53/E53 -> 0
B54: PET 3212 | C54: Full Thread Riser 300 X 32MM | D54: 5 | E54: 85 | P54: 170 | Q54: =SUM(F54:P54) -> 170 | R54: =Q54/E54 -> 2
B55: PET 4012 | C55: Full Thread Riser 300 X 40MM | D55: 5 | E55: 75 | F55: 600 | Q55: =SUM(F55:P55) -> 600 | R55: =Q55/E55 -> 8
B56: PET 5012 | C56: Full Thread Riser 300 X 50MM | D56: 5 | E56: 45 | Q56: =SUM(F56:P56) -> 0 | R56: =Q56/E56 -> 0
A58: TOTAL | F58: =SUM(F7:F57) -> 59320 | G58: =SUM(G7:G57) -> 61040 | H58: =SUM(H7:H57) -> 40230 | I58: =SUM(I7:I57) -> 61000 | J58: =SUM(J7:J57) -> 63950 | K58: =SUM(K7:K57) -> 89930 | L58: =SUM(L7:L57) -> 52700 | M58: =SUM(M7:M57) -> 39600 | ... Q58: =SUM(Q7:Q57) -> 858060
A59: TOTAL BOXES | R59: =SUM(R7:R57) -> 1429
R60: =SUM(F3:P3) -> 1429

Sheet Moulded-2021
A1: MOULDED - 2021 INVOICE NO | F1: 3366 | G1: 3370 | H1: 3373 | I1: 3375 | J1: 1002 | K1: 1004 | L1: 1006 | M1: 1007 | N1: 1008 | O1: 1010 | P1: 1011 | Q1: 1013 | R1: 1014 | S1: 1016 | T1: 1017 | U1: 1018 | V1: 1020 | W1: 1022 | X1: 1024 | Z1: DO | AA1: TOTAL
A2: DATE | F2: 09.01.2021 | G2: 27.01.2021 | H2: 19.02.2021 | I2: 12.03.2021 | J2: 02.04.2021 | K2: 01.05.2021 | L2: 01.06.2021 | M2: 02.06.2021 | N2: 18.06.2021 | O2: 08.07.2021 | P2: 16.07.2021 | Q2: 12.08.2021 | R2: 24.08.2021 | S2: 10.09.2021 | T2: 18.09.2021 | U2: 01.10.2021 | V2: 22.10.2021 | W2: 12.11.2021 | X2: 10.12.2021 | Z2: NOT | AA2: PCS | AB2: BOX
D3: PKGS | F3: 121 | G3: 118 | H3: 185 | I3: 68 | J3: 145 | K3: 235 | L3: 222 | M3: 91 | N3: 104 | O3: 144 | P3: 76 | Q3: 74 | R3: 127 | S3: 69 | T3: 61 | U3: 86 | V3: 162 | W3: 155 | X3: 174 | Z3: FILL
A4: Sr. No. | B4: CODE | C4: DESCRIPTION | D4: PACKING | F4: PCS | G4: PCS | H4: PCS | I4: PCS | J4: PCS | K4: PCS | L4: PCS | M4: PCS | N4: PCS | O4: PCS | P4: PCS | Q4: PCS | R4: PCS | S4: PCS | T4: PCS | U4: PCS | V4: PCS | W4: PCS | X4: PCS | Y4: PCS | Z4: PCS
D5: UNIT | E5: BOX
A7: 1A | B7: PP - 1501 | C7: 25 x 15MM Poly Riser | D7: 100 | E7: 2000 | K7: 24000 | M7: 76000 | P7: 50000 | T7: 50000 | V7: 50000 | W7: 30000 | X7: 20000 | AA7: =SUM(F7:Z7) -> 300000 | AB7: =AA7/E7 -> 150
A8: 2 | B8: PP - 1502 | C8: 50X15 MM Poly Eriser | D8: 100 | E8: 2000 | F8: 4000 | G8: 4000 | H8: 20000 | J8: 18000 | L8: 14000 | O8: 6000 | R8: 20000 | S8: 4000 | U8: 10000 | X8: 26000 | AA8: =SUM(F8:Z8) -> 126000 | AB8: =AA8/E8 -> 63
A9: 3 | B9: PP - 1503 | C9: 80 x 15MM Poly Riser | D9: 50 | E9: 1100 | F9: 4400 | G9: 11000 | I9: 11000 | K9: 11000 | L9: 11000 | N9: 17600 | S9: 11000 | U9: 4400 | V9: 1100 | W9: 6600 | X9: 9900 | AA9: =SUM(F9:Z9) -> 99000 | AB9: =AA9/E9 -> 90
A10: 4 | B10: PP - 1504 | C10: 100 x 15MM Poly Riser. | D10: 50 | E10: 1000 | L10: 10000 | AA10: =SUM(F10:Z10) -> 10000 | AB10: =AA10/E10 -> 10
B11: PP - 1504 | C11: 100 x 15MM Poly Riser. | D11: 50 | E11: 1000 | K11: 10000 | M11: 5000 | P11: 10000 | T11: 10000 | V11: 11000 | W11: 10000 | AA11: =SUM(F11:Z11) -> 56000 | AB11: =AA11/E11 -> 56
A12: 5 | B12: PP - 1505 | C12: 125 X 15 MM Poly Riser | D12: 50 | E12: 800 | G12: 4000 | I12: 4800 | L12: 8000 | O12: 8000 | S12: 6400 | V12: 8000 | X12: 6400 | AA12: =SUM(F12:Z12) -> 45600 | AB12: =AA12/E12 -> 57
A13: 6 | B13: PP - 1506 | C13: 150 x 15MM Poly Riser. | D13: 50 | E13: 600 | G13: 9000 | K13: 6000 | M13: 15000 | P13: 9000 | T13: 9600 | X13: 12000 | AA13: =SUM(F13:Z13) -> 60600 | AB13: =AA13/E13 -> 101
A14: 6A | B14: 90441200 | C14: 90441200 150x15 MM Poly Riser | D14: 50 | E14: 600 | P14: 3000 | AA14: =SUM(F14:Z14) -> 3000 | AB14: =AA14/E14 -> 5
A15: 7 | B15: PP - 1508 | C15: 200 x 15MM Poly Riser. | D15: 10 | E15: 400 | G15: 8000 | I15: 2000 | L15: 2400 | N15: 2000 | Q15: 1600 | S15: 3600 | W15: 2000 | AA15: =SUM(F15:Z15) -> 21600 | AB15: =AA15/E15 -> 54
A16: 8 | B16: PP - 1509 | C16: 225 x 15MM Poly Riser. | D16: 10 | E16: 400 | I16: 4000 | J16: 8000 | K16: 4000 | L16: 4000 | N16: 8000 | R16: 8000 | U16: 8000 | V16: 1200 | W16: 6800 | X16: 4000 | AA16: =SUM(F16:Z16) -> 56000 | AB16: =AA16/E16 -> 140
A17: 9 | B17: PP - 1512 | C17: Risers 1/2"(15MM)x12"(300MM) | D17: 10 | E17: 300 | F17: 6000 | H17: 6000 | J17: 9000 | K17: 12000 | L17: 12000 | O17: 12000 | R17: 9300 | S17: 2700 | V17: 7500 | W17: 7500 | X17: 6000 | AA17: =SUM(F17:Z17) -> 90000 | AB17: =AA17/E17 -> 300
A18: 9A | B18: 90441300 | C18: 90441300 P/Riser MXM 15x15x300 | D18: 10 | E18: 300 | F18: 3000 | H18: 3000 | K18: 3000 | L18: 3000 | O18: 3000 | Q18: 3000 | X18: 3000 | AA18: =SUM(F18:Z18) -> 21000 | AB18: =AA18/E18 -> 70
A19: 9B | B19: PET 1512 | C19: Full Threadd Roser 15mmx300 MM | D19: 10 | E19: 300 | G19: 600 | M19: 5400 | N19: 3000 | P19: 3000 | X19: 3000 | AA19: =SUM(F19:Z19) -> 15000 | AB19: =AA19/E19 -> 50
A20: 10 | B20: PPA - 1506 | C20: 150 x 15MM Articulated P.Riser. | D20: 10 | E20: 130 | F20: 390 | AA20: =SUM(F20:Z20) -> 390 | AB20: =AA20/E20 -> 3
B21: PPA - 1508 | C21: 200 x 15MM Articulated P.Riser. | D21: 10 | E21: 110 | AA21: =SUM(F21:Z21) -> 0 | AB21: =AA21/E21 -> 0
A22: 12 | B22: PPA - 1512 | C22: Articulated Riser 1/2"(15mm)x300MM | D22: 10 | E22: 80 | F22: 1280 | I22: 800 | L22: 480 | O22: 960 | Q22: 480 | W22: 800 | X22: 480 | AA22: =SUM(F22:Z22) -> 5280 | AB22: =AA22/E22 -> 66
A23: 13 | B23: FFC - 15 | C23: F/F Couplings 1/2"(15MM) | D23: 100 | E23: 1200 | G23: =18000+24000 -> 42000 | J23: 24000 | K23: 24000 | L23: 24000 | P23: 12000 | T23: 12000 | V23: 12000 | W23: 12000 | AA23: =SUM(F23:Z23) -> 162000 | AB23: =AA23/E23 -> 135
A24: 14 | B24: MFE - 15 | C24: M/F Elbow 1/2" (15MM) | D24: 100 | E24: 1000 | H24: 14000 | J24: 4000 | L24: 8000 | O24: 10000 | Q24: 6000 | S24: 9000 | U24: 3000 | V24: 3000 | AA24: =SUM(F24:Z24) -> 57000 | AB24: =AA24/E24 -> 57
A25: 15 | B25: CAP - 15 | C25: 15MM F.I.Cap. | D25: 50 | E25: 2800 | G25: 5600 | H25: 5600 | J25: 5600 | L25: 11200 | R25: 11200 | U25: 8400 | V25: 5600 | X25: 5600 | AA25: =SUM(F25:Z25) -> 58800 | AB25: =AA25/E25 -> 21
A26: 16 | B26: CUTPL - 15 | C26: 15MM Rigid Cut Off Riser. | D26: 50 | E26: 550 | H26: 12650 | I26: 3300 | J26: 3300 | K26: 5500 | N26: 6600 | R26: 8800 | U26: 6050 | W26: 3300 | AA26: =SUM(F26:Z26) -> 49500 | AB26: =AA26/E26 -> 90
A27: 16A | B27: CUT-15 | C27: 15 MM Flexi Cut-Off Riser | D27: 50 | E27: 550 | H27: 12650 | I27: 3300 | J27: 3300 | K27: 5500 | N27: 6600 | R27: 8800 | U27: 11550 | V27: 2200 | W27: 1100 | AA27: =SUM(F27:Z27) -> 55000 | AB27: =AA27/E27 -> 100
A28: 16B | B28: CUTMF 15 | C28: 15 mm M/F Cut off Riser | D28: 10 | E28: 1200 | G28: 2400 | H28: 3600 | I28: 6000 | L28: 6000 | O28: 6000 | R28: 9600 | U28: 7200 | W28: 8400 | X28: 2400 | AA28: =SUM(F28:Z28) -> 51600 | AB28: =AA28/E28 -> 43
A29: 17a | B29: PP 2002 | C29: 50 x 20MM Poly Riser | D29: 10 | E29: 1300 | G29: 2600 | I29: 2600 | K29: 2600 | N29: 6500 | Q29: 3900 | R29: 1300 | S29: 2600 | W29: 2600 | AA29: =SUM(F29:Z29) -> 24700 | AB29: =AA29/E29 -> 19
A30: 18a | B30: PP 2003 | C30: 80 X 20MM Poly Riser | D30: 10 | E30: 800 | G30: 1600 | I30: 2400 | K30: 2400 | L30: 3200 | Q30: 2400 | R30: 1600 | S30: 800 | U30: 800 | W30: 3200 | AA30: =SUM(F30:Z30) -> 18400 | AB30: =AA30/E30 -> 23
B31: PP 2006 | C31: 150 X 20MM Poly Riser | D31: 10 | E31: 450 | F31: 1800 | H31: 1800 | J31: 1800 | K31: 1800 | L31: 4500 | Q31: 450 | S31: 4500 | W31: 2700 | X31: 1800 | AA31: =SUM(F31:Z31) -> 21150 | AB31: =AA31/E31 -> 47
B32: 90442200 | C32: 90442200 P/RISER M X M 3/4 X 3/4 X 150MM | D32: 10 | E32: 450 | H32: 1800 | J32: 900 | K32: 900 | S32: 900 | W32: 900 | AA32: =SUM(F32:Z32) -> 5400 | AB32: =AA32/E32 -> 12
A33: 19 | B33: PP - 2008 | C33: 200 x 20MM Poly Riser. | D33: 10 | E33: 330 | AA33: =SUM(F33:Z33) -> 0 | AB33: =AA33/E33 -> 0
B34: PP - 2008 | C34: 200 x 20MM Poly Riser. | D34: 10 | E34: 320 | K34: 320 | N34: 320 | S34: 1280 | U34: 1280 | W34: 640 | AA34: =SUM(F34:Z34) -> 3840 | AB34: =AA34/E34 -> 12
A35: 21 | B35: PP - 2012 | C35: 300 x 20MM Poly Riser. | D35: 10 | E35: 230 | G35: 1610 | H35: 2300 | J35: 2300 | K35: 2300 | L35: 2300 | O35: 2300 | Q35: 2300 | V35: 2300 | X35: 1380 | AA35: =SUM(F35:Z35) -> 19090 | AB35: =AA35/E35 -> 83
A36: 21A | B36: 90442300 | C36: 90442300 P/Riser MXM 20x20x300 mm | D36: 10 | E36: 230 | G36: 920 | H36: 2300 | J36: 2300 | K36: 2300 | L36: 2300 | Q36: 920 | V36: 1150 | AA36: =SUM(F36:Z36) -> 12190 | AB36: =AA36/E36 -> 53
B37: PET 2012 | C37: Full Threaded Riser 20mm x 300 MM | D37: 10 | E37: 230 | AA37: =SUM(F37:Z37) -> 0 | AB37: =AA37/E37 -> 0
A38: 23 | B38: PPA - 2008 | C38: 200 x 20MM Artic Riser | D38: 5 | E38: 75 | K38: 300 | AA38: =SUM(F38:Z38) -> 300 | AB38: =AA38/E38 -> 4
B39: PPA - 2012 | C39: 300 x 20MM Artic Riser | D39: 5 | E39: 50 | F39: 500 | H39: 500 | K39: 500 | N39: 500 | O39: 1000 | R39: 500 | V39: 1000 | W39: 1000 | X39: 500 | AA39: =SUM(F39:Z39) -> 6000 | AB39: =AA39/E39 -> 120
A40: 24 | B40: MFE - 20 | C40: M/F Elbow 20MM | D40: 50 | E40: 600 | I40: 600 | K40: 1200 | L40: 1200 | Q40: 600 | W40: 600 | X40: 600 | AA40: =SUM(F40:Z40) -> 4800 | AB40: =AA40/E40 -> 8
A41: 25a | B41: FFC-20 | C41: 20MM F/F Couplings | D41: 10 | E41: 800 | G41: 1600 | I41: 2400 | K41: 4800 | N41: 3200 | S41: 2400 | U41: 3200 | V41: 800 | W41: 1600 | AA41: =SUM(F41:Z41) -> 20000 | AB41: =AA41/E41 -> 25
B42: PP 2504 | C42: 100 X 25MM Poly Riser | D42: 10 | E42: 400 | G42: 400 | K42: 400 | L42: 800 | Q42: 400 | R42: 400 | V42: 800 | X42: 400 | AA42: =SUM(F42:Z42) -> 3600 | AB42: =AA42/E42 -> 9
B43: 90443100 | C43: 90443100 P/RISER M X M 1 x 1 x 100 MM | D43: 10 | E43: 400 | G43: 800 | K43: 400 | L43: 800 | Q43: 400 | R43: 400 | V43: 400 | X43: 400 | AA43: =SUM(F43:Z43) -> 3600 | AB43: =AA43/E43 -> 9
B44: PP 2506 | C44: 150 X 25MM Poly Riser | D44: 10 | E44: 300 | F44: 600 | H44: 600 | K44: 600 | L44: 1200 | Q44: 600 | R44: 300 | U44: 300 | V44: 900 | AA44: =SUM(F44:Z44) -> 5100 | AB44: =AA44/E44 -> 17
B45: 90443200 | C45: 90443200 P/RISER M X M 1 x 1 x 150 MM | D45: 10 | E45: 300 | F45: 3000 | H45: 3000 | K45: 3000 | L45: 3000 | Q45: 3000 | X45: 600 | AA45: =SUM(F45:Z45) -> 15600 | AB45: =AA45/E45 -> 52
A46: 26 | B46: PP 2512 | C46: 300 x 25MM Poly Riser. | D46: 10 | E46: 160 | F46: 1600 | H46: 1600 | J46: 1600 | K46: 1600 | L46: 1600 | O46: 1600 | Q46: 1600 | V46: 1600 | X46: 1600 | AA46: =SUM(F46:Z46) -> 14400 | AB46: =AA46/E46 -> 90
A47: 26A | B47: 90443300 | C47: 90443300 P/Riser MXM 25x25x300 mm | D47: 10 | E47: 160 | F47: 3200 | G47: 480 | H47: 3200 | J47: 1600 | K47: 1600 | L47: 1600 | V47: 800 | AA47: =SUM(F47:Z47) -> 12480 | AB47: =AA47/E47 -> 78
B48: PET 2512 | C48: Full Threaded Riser 25mm x 300 MM | D48: 10 | E48: 160 | AA48: =SUM(F48:Z48) -> 0 | AB48: =AA48/E48 -> 0
B49: PPA 2512 | C49: 300 x 25MM Artic Riser | D49: 5 | E49: 35 | F49: 350 | O49: 350 | V49: 350 | X49: 350 | AA49: =SUM(F49:Z49) -> 1400 | AB49: =AA49/E49 -> 40
A50: 28 | B50: MFE 25 | C50: M/F Elbow 25MM (1") | D50: 50 | E50: 350 | G50: 350 | I50: 350 | K50: 1400 | N50: 1400 | Q50: 700 | W50: 700 | AA50: =SUM(F50:Z50) -> 4900 | AB50: =AA50/E50 -> 14
A51: 29 | B51: FFC-25 | C51: FFC 25 F/F Couplings | D51: 10 | E51: 520 | G51: 520 | K51: 520 | M51: 520 | P51: 520 | V51: 520 | W51: 520 | AA51: =SUM(F51:Z51) -> 3120 | AB51: =AA51/E51 -> 6
B52: FFC-25 | C52: FFC 25 F/F Couplings | D52: 10 | E52: 450 | AA52: =SUM(F52:Z52) -> 0 | AB52: =AA52/E52 -> 0
A53: 31 | B53: MFA - 15 | C53: 15MM M/F Adaptors. | D53: 50 | E53: 1750 | J53: 3500 | L53: 3500 | O53: 7000 | R53: 10500 | U53: 5250 | AA53: =SUM(F53:Z53) -> 29750 | AB53: =AA53/E53 -> 17
B54: PET 3212 | C54: Full Thread Riser 300 X 32MM | D54: 5 | E54: 85 | M54: 340 | X54: 340 | AA54: =SUM(F54:Z54) -> 680 | AB54: =AA54/E54 -> 8
B55: PET 4012 | C55: Full Thread Riser 300 X 40MM | D55: 5 | E55: 75 | X55: 375 | AA55: =SUM(F55:Z55) -> 375 | AB55: =AA55/E55 -> 5
B56: PET 5012 | C56: Full Thread Riser 300 X 50MM | D56: 5 | E56: 45 | N56: 225 | AA56: =SUM(F56:Z56) -> 225 | AB56: =AA56/E56 -> 5
A58: TOTAL | F58: =SUM(F7:F57) -> 30120 | G58: =SUM(G7:G57) -> 97480 | H58: =SUM(H7:H57) -> 94600 | I58: =SUM(I7:I57) -> 43550 | J58: =SUM(J7:J57) -> 89200 | K58: =SUM(K7:K57) -> 133940 | L58: =SUM(L7:L57) -> 140080 | M58: =SUM(M7:M57) -> 102260 | ... AA58: =SUM(AA7:AA57) -> 1574470
A59: TOTAL BOXES | AB59: =SUM(AB7:AB57) -> 2417
AB60: =SUM(F3:Z3) -> 2417

Sheet Moulded-2022 
A1: MOULDED - 2022 INVOICE NO | F1: 1026 | G1: 1028 | H1: 1029 | I1: 2001 | J1: 2003 | K1: 2004 | L1: 2005 | M1: 2006 | O1: DO | P1: TOTAL
A2: DATE | F2: 07.01.22 | G2: 14.02.22 | H2: 10.03.2022 | I2: 06.04.2022 | J2: 19.05.2022 | K2: 11.07.2022 | L2: 01.11.2022 | M2: 09.12.2022 | O2: NOT | P2: PCS | Q2: BOX
D3: PKGS | F3: 144 | G3: 103 | H3: 62 | I3: 123 | J3: 189 | K3: 70 | L3: 253 | M3: 255 | O3: FILL
A4: Sr. No. | B4: CODE | C4: DESCRIPTION | D4: PACKING | F4: PCS | G4: PCS | H4: PCS | I4: PCS | J4: PCS | K4: PCS | L4: PCS | M4: PCS | N4: PCS | O4: PCS
D5: UNIT | E5: BOX
A7: 1A | B7: PP - 1501 | C7: 25 x 15MM Poly Riser | D7: 100 | E7: 2000 | P7: =SUM(F7:O7) -> 0 | Q7: =P7/E7 -> 0
A8: 2 | B8: PP - 1502 | C8: 50X15 MM Poly Eriser | D8: 100 | E8: 2000 | G8: 10000 | L8: 10000 | M8: 20000 | P8: =SUM(F8:O8) -> 40000 | Q8: =P8/E8 -> 20
A9: 3 | B9: PP - 1503 | C9: 80 x 15MM Poly Riser | D9: 50 | E9: 1100 | L9: 16500 | M9: 16500 | P9: =SUM(F9:O9) -> 33000 | Q9: =P9/E9 -> 30
A10: 4 | B10: PP - 1504 | C10: 100 x 15MM Poly Riser. | D10: 50 | E10: 1000 | L10: 7000 | P10: =SUM(F10:O10) -> 7000 | Q10: =P10/E10 -> 7
B11: PP - 1504 | C11: 100 x 15MM Poly Riser. | D11: 50 | E11: 1000 | K11: 8000 | L11: 8000 | M11: 15000 | P11: =SUM(F11:O11) -> 31000 | Q11: =P11/E11 -> 31
A12: 5 | B12: PP - 1505 | C12: 125 X 15 MM Poly Riser | D12: 50 | E12: 800 | F12: 4000 | P12: =SUM(F12:O12) -> 4000 | Q12: =P12/E12 -> 5
A13: 6 | B13: PP - 1506 | C13: 150 x 15MM Poly Riser. | D13: 50 | E13: 600 | F13: 6000 | H13: 6000 | I13: 6000 | J13: 6000 | K13: 6000 | L13: 12000 | M13: 9000 | P13: =SUM(F13:O13) -> 51000 | Q13: =P13/E13 -> 85
A14: 6A | B14: 90441200 | C14: 90441200 150x15 MM Poly Riser | D14: 50 | E14: 600 | G14: 4200 | J14: 3000 | K14: 1200 | P14: =SUM(F14:O14) -> 8400 | Q14: =P14/E14 -> 14
A15: 7 | B15: PP - 1508 | C15: 200 x 15MM Poly Riser. | D15: 10 | E15: 400 | F15: 4000 | M15: 2000 | P15: =SUM(F15:O15) -> 6000 | Q15: =P15/E15 -> 15
A16: 8 | B16: PP - 1509 | C16: 225 x 15MM Poly Riser. | D16: 10 | E16: 400 | H16: 4000 | I16: 4000 | J16: 4000 | K16: 4000 | L16: 8000 | M16: 8000 | P16: =SUM(F16:O16) -> 32000 | Q16: =P16/E16 -> 80
A17: 9 | B17: PP - 1512 | C17: Risers 1/2"(15MM)x12"(300MM) | D17: 10 | E17: 300 | F17: 9000 | G17: 6000 | I17: 6000 | J17: 6000 | L17: 9000 | M17: 6000 | P17: =SUM(F17:O17) -> 42000 | Q17: =P17/E17 -> 140
A18: 9A | B18: 90441300 | C18: 90441300 P/Riser MXM 15x15x300 | D18: 10 | E18: 300 | J18: 1200 | L18: 3000 | P18: =SUM(F18:O18) -> 4200 | Q18: =P18/E18 -> 14
A19: 9B | B19: PET 1512 | C19: Full Threadd Roser 15mmx300 MM | D19: 10 | E19: 300 | I19: 3000 | J19: 7200 | L19: 1800 | M19: 6000 | P19: =SUM(F19:O19) -> 18000 | Q19: =P19/E19 -> 60
A20: 10 | B20: PPA - 1506 | C20: 150 x 15MM Articulated P.Riser. | D20: 10 | E20: 130 | J20: 130 | P20: =SUM(F20:O20) -> 130 | Q20: =P20/E20 -> 1
B21: PPA - 1508 | C21: 200 x 15MM Articulated P.Riser. | D21: 10 | E21: 110 | J21: 3080 | M21: 1100 | P21: =SUM(F21:O21) -> 4180 | Q21: =P21/E21 -> 38
A22: 12 | B22: PPA - 1512 | C22: Articulated Riser 1/2"(15mm)x300MM | D22: 10 | E22: 80 | I22: 480 | J22: 1200 | M22: 400 | P22: =SUM(F22:O22) -> 2080 | Q22: =P22/E22 -> 26
A23: 13 | B23: FFC - 15 | C23: F/F Couplings 1/2"(15MM) | D23: 100 | E23: 1200 | F23: 12000 | H23: 12000 | I23: 12000 | J23: 12000 | K23: 12000 | L23: 24000 | M23: 24000 | P23: =SUM(F23:O23) -> 108000 | Q23: =P23/E23 -> 90
A24: 14 | B24: MFE - 15 | C24: M/F Elbow 1/2" (15MM) | D24: 100 | E24: 1000 | F24: 5000 | G24: 10000 | I24: 4000 | K24: 5000 | L24: 10000 | M24: 10000 | P24: =SUM(F24:O24) -> 44000 | Q24: =P24/E24 -> 44
A25: 15 | B25: CAP - 15 | C25: 15MM F.I.Cap. | D25: 50 | E25: 2800 | F25: 2800 | G25: 2800 | I25: 5600 | J25: 19600 | K25: 11200 | P25: =SUM(F25:O25) -> 42000 | Q25: =P25/E25 -> 15
A26: 16 | B26: CUTPL - 15 | C26: 15MM Rigid Cut Off Riser. | D26: 50 | E26: 550 | F26: 3300 | G26: 3300 | H26: 3300 | J26: 3300 | K26: 3300 | L26: 6600 | M26: 4400 | P26: =SUM(F26:O26) -> 27500 | Q26: =P26/E26 -> 50
A27: 16A | B27: CUT-15 | C27: 15 MM Flexi Cut-Off Riser | D27: 50 | E27: 550 | F27: 3300 | G27: 3300 | H27: 3300 | L27: 6600 | P27: =SUM(F27:O27) -> 16500 | Q27: =P27/E27 -> 30
A28: 16B | B28: CUTMF 15 | C28: 15 mm M/F Cut off Riser | D28: 10 | E28: 1200 | F28: 7200 | G28: 7200 | H28: 7200 | I28: 6000 | J28: 7200 | K28: 6000 | L28: 9600 | M28: 8400 | P28: =SUM(F28:O28) -> 58800 | Q28: =P28/E28 -> 49
A29: 17a | B29: PP 2002 | C29: 50 x 20MM Poly Riser | D29: 10 | E29: 1300 | F29: 2600 | G29: 2600 | H29: 2600 | J29: 1300 | P29: =SUM(F29:O29) -> 9100 | Q29: =P29/E29 -> 7
A30: 18a | B30: PP 2003 | C30: 80 X 20MM Poly Riser | D30: 10 | E30: 800 | F30: 2400 | G30: 2400 | H30: 2400 | J30: 800 | P30: =SUM(F30:O30) -> 8000 | Q30: =P30/E30 -> 10
B31: PP 2006 | C31: 150 X 20MM Poly Riser | D31: 10 | E31: 450 | F31: 1800 | H31: 900 | J31: 900 | K31: 1350 | L31: 2700 | M31: 1800 | P31: =SUM(F31:O31) -> 9450 | Q31: =P31/E31 -> 21
B32: 90442200 | C32: 90442200 P/RISER M X M 3/4 X 3/4 X 150MM | D32: 10 | E32: 450 | P32: =SUM(F32:O32) -> 0 | Q32: =P32/E32 -> 0
A33: 19 | B33: PP - 2008 | C33: 200 x 20MM Poly Riser. | D33: 10 | E33: 330 | P33: =SUM(F33:O33) -> 0 | Q33: =P33/E33 -> 0
B34: PP - 2008 | C34: 200 x 20MM Poly Riser. | D34: 10 | E34: 320 | F34: 320 | P34: =SUM(F34:O34) -> 320 | Q34: =P34/E34 -> 1
A35: 21 | B35: PP - 2012 | C35: 300 x 20MM Poly Riser. | D35: 10 | E35: 230 | F35: 1380 | L35: 2300 | M35: 2300 | P35: =SUM(F35:O35) -> 5980 | Q35: =P35/E35 -> 26
A36: 21A | B36: 90442300 | C36: 90442300 P/Riser MXM 20x20x300 mm | D36: 10 | E36: 230 | P36: =SUM(F36:O36) -> 0 | Q36: =P36/E36 -> 0
B37: PET 2012 | C37: Full Threaded Riser 20mm x 300 MM | D37: 10 | E37: 230 | P37: =SUM(F37:O37) -> 0 | Q37: =P37/E37 -> 0
A38: 23 | B38: PPA - 2008 | C38: 200 x 20MM Artic Riser | D38: 5 | E38: 75 | L38: 750 | P38: =SUM(F38:O38) -> 750 | Q38: =P38/E38 -> 10
B39: PPA - 2012 | C39: 300 x 20MM Artic Riser | D39: 5 | E39: 50 | G39: 500 | I39: 500 | J39: 500 | P39: =SUM(F39:O39) -> 1500 | Q39: =P39/E39 -> 30
A40: 24 | B40: MFE - 20 | C40: M/F Elbow 20MM | D40: 50 | E40: 600 | G40: 600 | J40: 1200 | K40: 2400 | L40: 3000 | M40: 600 | P40: =SUM(F40:O40) -> 7800 | Q40: =P40/E40 -> 13
A41: 25a | B41: FFC-20 | C41: 20MM F/F Couplings | D41: 10 | E41: 800 | F41: 800 | G41: 4000 | I41: 2400 | J41: 1600 | P41: =SUM(F41:O41) -> 8800 | Q41: =P41/E41 -> 11
B42: PP 2504 | C42: 100 X 25MM Poly Riser | D42: 10 | E42: 400 | F42: 400 | H42: 400 | I42: 400 | J42: 400 | P42: =SUM(F42:O42) -> 1600 | Q42: =P42/E42 -> 4
B43: 90443100 | C43: 90443100 P/RISER M X M 1 x 1 x 100 MM | D43: 10 | E43: 400 | F43: 400 | H43: 400 | I43: 800 | J43: 400 | L43: 400 | M43: 400 | P43: =SUM(F43:O43) -> 2800 | Q43: =P43/E43 -> 7
B44: PP 2506 | C44: 150 X 25MM Poly Riser | D44: 10 | E44: 300 | F44: 1200 | H44: 600 | P44: =SUM(F44:O44) -> 1800 | Q44: =P44/E44 -> 6
B45: 90443200 | C45: 90443200 P/RISER M X M 1 x 1 x 150 MM | D45: 10 | E45: 300 | H45: 900 | L45: 1800 | M45: 1200 | P45: =SUM(F45:O45) -> 3900 | Q45: =P45/E45 -> 13
A46: 26 | B46: PP 2512 | C46: 300 x 25MM Poly Riser. | D46: 10 | E46: 160 | I46: 1600 | L46: 2400 | M46: 1600 | P46: =SUM(F46:O46) -> 5600 | Q46: =P46/E46 -> 35
A47: 26A | B47: 90443300 | C47: 90443300 P/Riser MXM 25x25x300 mm | D47: 10 | E47: 160 | M47: 1600 | P47: =SUM(F47:O47) -> 1600 | Q47: =P47/E47 -> 10
B48: PET 2512 | C48: Full Threaded Riser 25mm x 300 MM | D48: 10 | E48: 160 | P48: =SUM(F48:O48) -> 0 | Q48: =P48/E48 -> 0
B49: PPA 2512 | C49: 300 x 25MM Artic Riser | D49: 5 | E49: 35 | F49: 1050 | G49: 700 | I49: 700 | J49: 700 | P49: =SUM(F49:O49) -> 3150 | Q49: =P49/E49 -> 90
A50: 28 | B50: MFE 25 | C50: M/F Elbow 25MM (1") | D50: 50 | E50: 350 | F50: 350 | G50: 350 | J50: 1050 | K50: 700 | L50: 1750 | M50: 700 | P50: =SUM(F50:O50) -> 4900 | Q50: =P50/E50 -> 14
A51: 29 | B51: FFC-25 | C51: FFC 25 F/F Couplings | D51: 10 | E51: 520 | F51: 520 | K51: 520 | P51: =SUM(F51:O51) -> 1040 | Q51: =P51/E51 -> 2
B52: FFC-25 | C52: FFC 25 F/F Couplings | D52: 10 | E52: 450 | P52: =SUM(F52:O52) -> 0 | Q52: =P52/E52 -> 0
A53: 31 | B53: MFA - 15 | C53: 15MM M/F Adaptors. | D53: 50 | E53: 1750 | L53: 15750 | M53: 5250 | P53: =SUM(F53:O53) -> 21000 | Q53: =P53/E53 -> 12
B54: GRN15 | C54: 15MM NIPPLE | D54: 10 | E54: 1900 | M54: 19000 | P54: =SUM(F54:O54) -> 19000 | Q54: =P54/E54 -> 10
B55: GRN20 | C55: 20MM NIPPLE | D55: 10 | E55: 890 | M55: 8900 | P55: =SUM(F55:O55) -> 8900 | Q55: =P55/E55 -> 10
B56: GRN25 | C56: 25MM NIPPLE | D56: 10 | E56: 600 | M56: 6000 | P56: =SUM(F56:O56) -> 6000 | Q56: =P56/E56 -> 10
B57: PET 3212 | C57: Full Thread Riser 300 X 32MM | D57: 5 | E57: 85 | P57: =SUM(F57:O57) -> 0 | Q57: =P57/E57 -> 0
B58: PET 4012 | C58: Full Thread Riser 300 X 40MM | D58: 5 | E58: 75 | P58: =SUM(F58:O58) -> 0 | Q58: =P58/E58 -> 0
B59: PET 5012 | C59: Full Thread Riser 300 X 50MM | D59: 5 | E59: 45 | P59: =SUM(F59:O59) -> 0 | Q59: =P59/E59 -> 0
A61: TOTAL | F61: =SUM(F7:F60) -> 69820 | G61: =SUM(G7:G60) -> 57950 | H61: =SUM(H7:H60) -> 44000 | I61: =SUM(I7:I60) -> 53480 | J61: =SUM(J7:J60) -> 82760 | K61: =SUM(K7:K60) -> 61670 | L61: =SUM(L7:L60) -> 162950 | M61: =SUM(M7:M60) -> 180150 | ... P61: =SUM(P7:P60) -> 712780
A62: TOTAL BOXES | Q62: =SUM(Q7:Q60) -> 1196
Q63: =SUM(F3:O3) -> 1199

Sheet Moulded-2023
A1: MOULDED - 2023 INVOICE NO | F1: 2007 | G1: 2008 | H1: 3001 | I1: 3002 | J1: 3004 | K1: 3005 | L1: 3006 | M1: 3007 | N1: 3009 | O1: 3010 | P1: 3012 | Q1: 3013 | R1: 3014 | S1: 3015 | T1: 3017 | U1: 3018 | V1: 3020 | W1: 3022 | Y1: DO | Z1: TOTAL
A2: DATE | F2: 01.02.2023 | G2: 28.03.2023 | H2: 22.04.2023 | I2: 02.05.2023 | J2: 05.06.2023 | K2: 03.07.2023 | L2: 03.08.2023 | M2: 01.09.2023 | N2: 07.09.2023 | O2: 15.09.2023 | P2: 26.09.2023 | Q2: 16.10.2023 | R2: 18.10.2023 | S2: 01.11.2023 | T2: 08.11.2023 | U2: 18.11.2023 | V2: 01.12.2023 | W2: 22.12.2023 | Y2: NOT | Z2: PCS | AA2: BOX
D3: PKGS | F3: 173 | G3: 35 | H3: 4 | I3: 165 | J3: 241 | K3: 236 | L3: 195 | M3: 201 | N3: 5 | O3: 4 | P3: 193 | Q3: 180 | R3: 10 | S3: 15 | T3: 171 | U3: 15 | V3: 226 | W3: 141 | Y3: FILL
A4: Sr. No. | B4: CODE | C4: DESCRIPTION | D4: PACKING | F4: PCS | G4: PCS | H4: PCS | I4: PCS | J4: PCS | K4: PCS | L4: PCS | M4: PCS | N4: PCS | O4: PCS | P4: PCS | Q4: PCS | R4: PCS | S4: PCS | T4: PCS | U4: PCS | V4: PCS | W4: PCS | X4: PCS | Y4: PCS
D5: UNIT | E5: BOX
A7: 1 | B7: CAP-15 | C7: 15MM F.I.Cap. | D7: 50 | E7: 2800 | Z7: =SUM(F7:Y7) -> 0 | AA7: =Z7/E7 -> 0
A8: 2 | B8: CUT-15 | C8: 15 MM Flexi Cut-Off Riser | D8: 50 | E8: 550 | F8: 3300 | I8: 3300 | K8: 11000 | L8: 3300 | M8: 3300 | N8: 2200 | P8: 4400 | T8: 6600 | V8: 9900 | W8: 1100 | Z8: =SUM(F8:Y8) -> 48400 | AA8: =Z8/E8 -> 88
A9: 3 | B9: CUTMF-15 | C9: 15 mm M/F Cut off Riser | D9: 10 | E9: 1200 | F9: 6000 | G9: 6000 | K9: 18000 | L9: 12000 | M9: 4800 | P9: 12000 | T9: 1200 | V9: 14400 | W9: 10800 | Z9: =SUM(F9:Y9) -> 85200 | AA9: =Z9/E9 -> 71
A10: 4 | B10: CUTPL-15 | C10: 15MM Rigid Cut Off Riser. | D10: 50 | E10: 550 | F10: 6600 | K10: 3300 | L10: 3300 | M10: 3300 | P10: 6600 | Q10: 6600 | T10: 6600 | V10: 1650 | W10: 1650 | Z10: =SUM(F10:Y10) -> 39600 | AA10: =Z10/E10 -> 72
A11: 5 | B11: FFC-15 | C11: F/F Couplings 1/2"(15MM) | D11: 100 | E11: 1200 | F11: 24000 | I11: 24000 | J11: 24000 | K11: 12000 | L11: 6000 | M11: 6000 | P11: 24000 | Q11: 12000 | R11: 12000 | T11: 18000 | V11: 24000 | W11: 9600 | Z11: =SUM(F11:Y11) -> 195600 | AA11: =Z11/E11 -> 163
A12: 6 | B12: FFC-20 | C12: 20MM F/F Couplings | D12: 10 | E12: 800 | K12: 2400 | L12: 2400 | M12: 2400 | P12: 2400 | W12: 4800 | Z12: =SUM(F12:Y12) -> 14400 | AA12: =Z12/E12 -> 18
A13: 7 | B13: FFC-25 | C13: FFC 25 F/F Couplings | D13: 10 | E13: 520 | Z13: =SUM(F13:Y13) -> 0 | AA13: =Z13/E13 -> 0
A14: 7A | B14: FFC-25 | C14: FFC 25 F/F Couplings | D14: 10 | E14: 450 | Z14: =SUM(F14:Y14) -> 0 | AA14: =Z14/E14 -> 0
A15: 8 | B15: GRC-15 | C15: 15MM PP CAP | D15: 10 | E15: 2500 | J15: 12500 | K15: 7500 | L15: 2500 | M15: 7500 | N15: 2500 | P15: 7500 | Q15: 10000 | S15: 12500 | T15: 2500 | U15: 12500 | W15: 7500 | Z15: =SUM(F15:Y15) -> 85000 | AA15: =Z15/E15 -> 34
A16: 9 | B16: GRC-20 | C16: 20MM PP CAP | D16: 10 | E16: 1500 | J16: 4500 | K16: 3000 | M16: 3000 | P16: 3000 | Q16: 3000 | T16: 3000 | V16: 3000 | W16: 3000 | Z16: =SUM(F16:Y16) -> 25500 | AA16: =Z16/E16 -> 17
A17: 10 | B17: GRC-25 | C17: 25MM CAP | D17: 10 | E17: 900 | K17: 900 | L17: 1800 | P17: 900 | Q17: 900 | T17: 1800 | V17: 1800 | W17: 900 | Z17: =SUM(F17:Y17) -> 9000 | AA17: =Z17/E17 -> 10
A18: 11 | B18: GRN-15 | C18: 15MM NIPPLE | D18: 10 | E18: 1900 | F18: 9500 | G18: 9500 | K18: 9500 | L18: 9500 | M18: 9500 | P18: 11400 | Q18: 11400 | S18: 9500 | T18: 5700 | U18: 9500 | V18: 3800 | W18: 3800 | Z18: =SUM(F18:Y18) -> 102600 | AA18: =Z18/E18 -> 54
A19: 12 | B19: GRN-20 | C19: 20MM NIPPLE | D19: 10 | E19: 890 | F19: 3560 | G19: 2670 | L19: 3560 | M19: 4450 | P19: 3560 | Q19: 3560 | T19: 5340 | V19: 2670 | W19: 2670 | Z19: =SUM(F19:Y19) -> 32040 | AA19: =Z19/E19 -> 36
A20: 13 | B20: GRN-25 | C20: 25MM NIPPLE | D20: 10 | E20: 600 | F20: 2400 | G20: 4200 | K20: 6000 | L20: 6000 | M20: 6000 | P20: 6000 | Q20: 6000 | T20: 7200 | V20: 3600 | W20: 3600 | Z20: =SUM(F20:Y20) -> 51000 | AA20: =Z20/E20 -> 85
A21: 14 | B21: GRP-15 | C21: 15MM PLUG | D21: 10 | E21: 2900 | M21: 14500 | P21: 14500 | S21: 14500 | T21: 2900 | U21: 14500 | V21: 8700 | W21: 17400 | Z21: =SUM(F21:Y21) -> 87000 | AA21: =Z21/E21 -> 30
A22: 15 | B22: GRP-20 | C22: 20MM PLUG | D22: 10 | E22: 1700 | P22: 3400 | Q22: 3400 | T22: 5100 | V22: 5100 | W22: 3400 | Z22: =SUM(F22:Y22) -> 20400 | AA22: =Z22/E22 -> 12
A23: 16 | B23: GRP-25 | C23: 25MM PLUG | D23: 10 | E23: 1000 | K23: 1000 | L23: 2000 | P23: 2000 | Q23: 2000 | T23: 3000 | V23: 3000 | W23: 2000 | Z23: =SUM(F23:Y23) -> 15000 | AA23: =Z23/E23 -> 15
A24: 17 | B24: MFA-15 | C24: 15MM M/F Adaptors. | D24: 50 | E24: 1750 | F24: 5250 | G24: 5250 | K24: 10500 | M24: 10500 | P24: 8750 | T24: 1750 | V24: 3500 | W24: 10500 | Z24: =SUM(F24:Y24) -> 56000 | AA24: =Z24/E24 -> 32
A25: 18 | B25: MFE-15 | C25: M/F Elbow 1/2" (15MM) | D25: 100 | E25: 1000 | F25: 10000 | G25: 5000 | I25: 6000 | L25: 5000 | M25: 5000 | P25: 5000 | T25: 3000 | V25: 2000 | W25: 1000 | Z25: =SUM(F25:Y25) -> 42000 | AA25: =Z25/E25 -> 42
A26: 19 | B26: MFE-20 | C26: M/F Elbow 20MM | D26: 50 | E26: 600 | M26: 600 | P26: 600 | V26: 600 | Z26: =SUM(F26:Y26) -> 1800 | AA26: =Z26/E26 -> 3
A27: 20 | B27: MFE-25 | C27: M/F Elbow 25MM (1") | D27: 50 | E27: 350 | I27: 700 | P27: 350 | Z27: =SUM(F27:Y27) -> 1050 | AA27: =Z27/E27 -> 3
A28: 21 | B28: PET-1512 | C28: Full Threadd Roser 15mmx300 MM | D28: 10 | E28: 300 | F28: 3000 | J28: 6000 | K28: 6000 | L28: 6000 | P28: 3000 | Q28: 3000 | T28: 6000 | V28: 6000 | W28: 3000 | Z28: =SUM(F28:Y28) -> 42000 | AA28: =Z28/E28 -> 140
A29: 22 | B29: PET-2012 | C29: Full Threaded Riser 20mm x 300 MM | D29: 10 | E29: 230 | Z29: =SUM(F29:Y29) -> 0 | AA29: =Z29/E29 -> 0
A30: 23 | B30: PET-2512 | C30: Full Threaded Riser 25mm x 300 MM | D30: 10 | E30: 160 | Z30: =SUM(F30:Y30) -> 0 | AA30: =Z30/E30 -> 0
A31: 24 | B31: PET-3212 | C31: Full Thread Riser 300 X 32MM | D31: 5 | E31: 85 | Z31: =SUM(F31:Y31) -> 0 | AA31: =Z31/E31 -> 0
A32: 25 | B32: PET-4012 | C32: Full Thread Riser 300 X 40MM | D32: 5 | E32: 75 | Z32: =SUM(F32:Y32) -> 0 | AA32: =Z32/E32 -> 0
A33: 26 | B33: PET-5012 | C33: Full Thread Riser 300 X 50MM | D33: 5 | E33: 45 | Z33: =SUM(F33:Y33) -> 0 | AA33: =Z33/E33 -> 0
A34: 27 | B34: PP-1501 | C34: 25 x 15MM Poly Riser | D34: 5 | E34: 2000 | J34: 26000 | L34: 12000 | M34: 14000 | P34: 14000 | Q34: 38000 | Z34: =SUM(F34:Y34) -> 104000 | AA34: =Z34/E34 -> 52
A35: 28 | B35: PP-1502 | C35: 50X15 MM Poly Eriser | D35: 100 | E35: 2000 | F35: 10000 | G35: 10000 | K35: 20000 | L35: 10000 | M35: 10000 | Q35: 10000 | V35: 4000 | W35: 4000 | Z35: =SUM(F35:Y35) -> 78000 | AA35: =Z35/E35 -> 39
A36: 29 | B36: PP-1503 | C36: 80 x 15MM Poly Riser | D36: 50 | E36: 1100 | F36: 11000 | K36: 22000 | L36: 11000 | M36: 11000 | P36: 11000 | Q36: 11000 | T36: 11000 | V36: 4400 | Z36: =SUM(F36:Y36) -> 92400 | AA36: =Z36/E36 -> 84
A37: 30 | B37: PP-1504 | C37: 100 x 15MM Poly Riser. | D37: 50 | E37: 1000 | L37: 5000 | P37: 6000 | Q37: 6000 | T37: 7000 | V37: 3000 | W37: 6000 | Z37: =SUM(F37:Y37) -> 33000 | AA37: =Z37/E37 -> 33
B38: PP-1504 | C38: 100 x 15MM Poly Riser. | D38: 50 | E38: 1000 | F38: 10000 | I38: 10000 | J38: 20000 | K38: 10000 | Z38: =SUM(F38:Y38) -> 50000 | AA38: =Z38/E38 -> 50
A39: 31 | B39: PP-1505 | C39: 125 X 15 MM Poly Riser | D39: 50 | E39: 800 | K39: 4800 | L39: 4800 | M39: 6400 | O39: 3200 | P39: 800 | Q39: 4000 | T39: 5600 | V39: 2400 | W39: 3200 | Z39: =SUM(F39:Y39) -> 35200 | AA39: =Z39/E39 -> 44
A40: 32 | B40: PP-1506 | C40: 150 x 15MM Poly Riser. | D40: 50 | E40: 600 | F40: 6000 | I40: 3000 | J40: 4800 | K40: 15000 | L40: 1200 | M40: 6000 | P40: 3000 | T40: 6000 | V40: 15000 | W40: 6000 | Z40: =SUM(F40:Y40) -> 66000 | AA40: =Z40/E40 -> 110
A41: 33 | B41: PP-1506-PH | C41: 90441200 150x15 MM Poly Riser | D41: 10 | E41: 600 | I41: 4800 | J41: 4800 | V41: 1200 | W41: 1800 | Z41: =SUM(F41:Y41) -> 12600 | AA41: =Z41/E41 -> 21
A42: 34 | B42: PP-1508 | C42: 200 x 15MM Poly Riser. | D42: 10 | E42: 400 | F42: 2000 | V42: 400 | W42: 800 | Z42: =SUM(F42:Y42) -> 3200 | AA42: =Z42/E42 -> 8
A43: 35 | B43: PP-1509 | C43: 225 x 15MM Poly Riser. | D43: 10 | E43: 400 | F43: 4000 | K43: 12000 | L43: 6000 | M43: 6000 | Q43: 6000 | T43: 12000 | V43: 4000 | W43: 4000 | Z43: =SUM(F43:Y43) -> 54000 | AA43: =Z43/E43 -> 135
A44: 36 | B44: PP-1512 | C44: Risers 1/2"(15MM)x12"(300MM) | D44: 10 | E44: 300 | F44: 6000 | I44: 9000 | J44: 6000 | K44: 6000 | L44: 6000 | M44: 9000 | V44: 4500 | W44: 4500 | Z44: =SUM(F44:Y44) -> 51000 | AA44: =Z44/E44 -> 170
A45: 37 | B45: PP-1512-PH | C45: 90441300 P/Riser MXM 15x15x300 | D45: 10 | E45: 300 | H45: 1200 | I45: 6000 | J45: 9000 | Z45: =SUM(F45:Y45) -> 16200 | AA45: =Z45/E45 -> 54
A46: 38 | B46: PP-2002 | C46: 50 x 20MM Poly Riser | D46: 10 | E46: 1300 | Z46: =SUM(F46:Y46) -> 0 | AA46: =Z46/E46 -> 0
A47: 39 | B47: PP-2003 | C47: 80 X 20MM Poly Riser | D47: 10 | E47: 800 | J47: 2400 | L47: 1600 | M47: 1600 | V47: 800 | Z47: =SUM(F47:Y47) -> 6400 | AA47: =Z47/E47 -> 8
A48: 40 | B48: PP-2006 | C48: 150 X 20MM Poly Riser | D48: 10 | E48: 450 | F48: 1800 | I48: 1800 | J48: 4500 | L48: 1800 | M48: 1800 | P48: 2250 | Q48: 2250 | V48: 1350 | W48: 900 | Z48: =SUM(F48:Y48) -> 18450 | AA48: =Z48/E48 -> 41
A49: 41 | B49: PP-2006-PH | C49: 90442200 P/RISER M X M 3/4 X 3/4 X 150MM | D49: 10 | E49: 450 | I49: 1350 | J49: 1350 | M49: 450 | P49: 450 | Q49: 450 | V49: 450 | Z49: =SUM(F49:Y49) -> 4500 | AA49: =Z49/E49 -> 10
A50: 42 | B50: PP-2008 | C50: 200 x 20MM Poly Riser. | D50: 10 | E50: 330 | Z50: =SUM(F50:Y50) -> 0 | AA50: =Z50/E50 -> 0
A51: 43 | B51: PP-2008 | C51: 200 x 20MM Poly Riser. | D51: 10 | E51: 320 | P51: 640 | Q51: 640 | V51: 320 | Z51: =SUM(F51:Y51) -> 1600 | AA51: =Z51/E51 -> 5
A52: 44 | B52: PP-2012 | C52: 300 x 20MM Poly Riser. | D52: 10 | E52: 230 | F52: 1150 | I52: 1380 | J52: 2760 | L52: 2300 | M52: 1840 | Q52: 1150 | V52: 690 | W52: 690 | Z52: =SUM(F52:Y52) -> 11960 | AA52: =Z52/E52 -> 52
A53: 45 | B53: PP-2012-PH | C53: 90442300 P/Riser MXM 20x20x300 mm | D53: 10 | E53: 230 | J53: 2300 | M53: 1150 | V53: 690 | W53: 460 | Z53: =SUM(F53:Y53) -> 4600 | AA53: =Z53/E53 -> 20
A54: 46 | B54: PP-2504 | C54: 100 X 25MM Poly Riser | D54: 10 | E54: 400 | L54: 400 | V54: 400 | Z54: =SUM(F54:Y54) -> 800 | AA54: =Z54/E54 -> 2
A55: 47 | B55: PP-2504-PH | C55: 90443100 P/RISER M X M 1 x 1 x 100 MM | D55: 10 | E55: 400 | I55: 1200 | J55: 1200 | L55: 400 | M55: 400 | Z55: =SUM(F55:Y55) -> 3200 | AA55: =Z55/E55 -> 8
A56: 48 | B56: PP-2506 | C56: 150 X 25MM Poly Riser | D56: 10 | E56: 300 | V56: 300 | W56: 300 | Z56: =SUM(F56:Y56) -> 600 | AA56: =Z56/E56 -> 2
A57: 49 | B57: PP-2506-PH | C57: 90443200 P/RISER M X M 1 x 1 x 150 MM | D57: 10 | E57: 300 | I57: 4200 | J57: 1800 | L57: 1200 | M57: 1200 | P57: 1200 | Q57: 1200 | V57: 600 | W57: 600 | Z57: =SUM(F57:Y57) -> 12000 | AA57: =Z57/E57 -> 40
A58: 50 | B58: PP-2512 | C58: 300 x 25MM Poly Riser. | D58: 10 | E58: 160 | F58: 800 | I58: 1600 | J58: 1600 | L58: 1600 | M58: 1600 | V58: 800 | W58: 320 | Z58: =SUM(F58:Y58) -> 8320 | AA58: =Z58/E58 -> 52
A59: 51 | B59: PP-2512-PH | C59: 90443300 P/Riser MXM 25x25x300 mm | D59: 10 | E59: 160 | F59: 800 | I59: 1600 | J59: 3200 | L59: 1600 | M59: 1600 | Q59: 1600 | V59: 800 | W59: 800 | Z59: =SUM(F59:Y59) -> 12000 | AA59: =Z59/E59 -> 75
A60: 52 | B60: PPA-1506 | C60: 150 x 15MM Articulated P.Riser. | D60: 10 | E60: 130 | Z60: =SUM(F60:Y60) -> 0 | AA60: =Z60/E60 -> 0
A61: 53 | B61: PPA-1508 | C61: 200 x 15MM Articulated P.Riser. | D61: 10 | E61: 110 | F61: 550 | L61: 550 | M61: 550 | P61: 1100 | Q61: 1100 | V61: 550 | Z61: =SUM(F61:Y61) -> 4400 | AA61: =Z61/E61 -> 40
A62: 54 | B62: PPA-1512 | C62: Articulated Riser 1/2"(15mm)x300MM | D62: 10 | E62: 80 | P62: 480 | V62: 240 | Z62: =SUM(F62:Y62) -> 720 | AA62: =Z62/E62 -> 9
A63: 55 | B63: PPA-2008 | C63: 200 x 20MM Artic Riser | D63: 5 | E63: 75 | P63: 450 | Z63: =SUM(F63:Y63) -> 450 | AA63: =Z63/E63 -> 6
A64: 56 | B64: PPA-2012 | C64: 300 x 20MM Artic Riser | D64: 5 | E64: 50 | G64: 100 | I64: 400 | J64: 850 | K64: 650 | P64: 1000 | Q64: 1000 | T64: 500 | V64: 1250 | Z64: =SUM(F64:Y64) -> 5750 | AA64: =Z64/E64 -> 115
A65: 57 | B65: PPA-2512 | C65: 300 x 25MM Artic Riser | D65: 5 | E65: 35 | Z65: =SUM(F65:Y65) -> 0 | AA65: =Z65/E65 -> 0
A67: TOTAL | F67: =SUM(F7:F66) -> 127710 | G67: =SUM(G7:G66) -> 42720 | H67: =SUM(H7:H66) -> 1200 | I67: =SUM(I7:I66) -> 80330 | J67: =SUM(J7:J66) -> 139560 | K67: =SUM(K7:K66) -> 181550 | L67: =SUM(L7:L66) -> 130810 | M67: =SUM(M7:M66) -> 155440 | ... Z67: =SUM(Z7:Z66) -> 1644940
A68: TOTAL BOXES | AA68: =SUM(AA7:AA66) -> 2210
AA69: =SUM(F3:Y3) -> 2210

Sheet Moulded-2024
A1: MOULDED - 2024 INVOICE NO | F1: 3024 | G1: 3026 | H1: 3028 | I1: 3030 | J1: 4001 | K1: 4003 | L1: 4005 | M1: 4007 | O1: DO | P1: TOTAL
A2: DATE | F2: 16.01.2024 | G2: 06.02.2024 | H2: 27.02.2024 | I2: 19.03.2024 | J2: 12.04.2024 | K2: 03.05.2024 | L2: 04.06.2024 | M2: 28.06.2024 | O2: NOT | P2: PCS | Q2: BOX
D3: PKGS | F3: 217 | G3: 212 | H3: 245 | I3: 217 | J3: 197 | K3: 241 | L3: 331 | M3: 147 | O3: FILL
A4: Sr. No. | B4: CODE | C4: DESCRIPTION | D4: PACKING | F4: PCS | G4: PCS | H4: PCS | I4: PCS | J4: PCS | K4: PCS | L4: PCS | M4: PCS | N4: PCS | O4: PCS
D5: UNIT | E5: BOX
A7: 1 | B7: CAP-15 | C7: 15MM F.I.Cap. | D7: 50 | E7: 2800 | I7: 5600 | M7: 2800 | P7: =SUM(F7:O7) -> 8400 | Q7: =P7/E7 -> 3
A8: 2 | B8: CUT-15 | C8: 15 MM Flexi Cut-Off Riser | D8: 50 | E8: 550 | F8: 4400 | G8: 6600 | I8: 4400 | J8: 5500 | L8: 5500 | P8: =SUM(F8:O8) -> 26400 | Q8: =P8/E8 -> 48
A9: 3 | B9: CUTMF-15 | C9: 15 mm M/F Cut off Riser | D9: 10 | E9: 1200 | F9: 6000 | G9: 13200 | J9: 8400 | L9: 26400 | M9: 2400 | P9: =SUM(F9:O9) -> 56400 | Q9: =P9/E9 -> 47
A10: 4 | B10: CUTPL-15 | C10: 15MM Rigid Cut Off Riser. | D10: 50 | E10: 550 | F10: 3300 | G10: 1650 | I10: 4950 | P10: =SUM(F10:O10) -> 9900 | Q10: =P10/E10 -> 18
A11: 5 | B11: FFC-15 | C11: F/F Couplings 1/2"(15MM) | D11: 100 | E11: 1200 | F11: 8400 | G11: 15600 | H11: 14400 | I11: 12000 | K11: 18000 | L11: 12000 | P11: =SUM(F11:O11) -> 80400 | Q11: =P11/E11 -> 67
A12: 6 | B12: FFC-20 | C12: 20MM F/F Couplings | D12: 10 | E12: 800 | F12: 3200 | G12: 2400 | J12: 3200 | L12: 2400 | P12: =SUM(F12:O12) -> 11200 | Q12: =P12/E12 -> 14
A13: 7 | B13: FFC-25 | C13: FFC 25 F/F Couplings | D13: 10 | E13: 520 | P13: =SUM(F13:O13) -> 0 | Q13: =P13/E13 -> 0
A14: 7A | B14: FFC-25 | C14: FFC 25 F/F Couplings | D14: 10 | E14: 450 | P14: =SUM(F14:O14) -> 0 | Q14: =P14/E14 -> 0
A15: 8 | B15: GRC-15 | C15: 15MM PP CAP | D15: 10 | E15: 2500 | F15: 22500 | G15: 7500 | H15: 7500 | I15: 7500 | J15: 2500 | K15: 7500 | L15: 7500 | P15: =SUM(F15:O15) -> 62500 | Q15: =P15/E15 -> 25
A16: 9 | B16: GRC-20 | C16: 20MM PP CAP | D16: 10 | E16: 1500 | F16: 1500 | G16: 1500 | H16: 1500 | J16: 3000 | K16: 3000 | P16: =SUM(F16:O16) -> 10500 | Q16: =P16/E16 -> 7
A17: 10 | B17: GRC-25 | C17: 25MM CAP | D17: 10 | E17: 900 | F17: 900 | G17: 900 | H17: 900 | J17: 1800 | K17: 1800 | P17: =SUM(F17:O17) -> 6300 | Q17: =P17/E17 -> 7
A18: 11 | B18: GRN-15 | C18: 15MM NIPPLE | D18: 10 | E18: 1900 | F18: 15200 | G18: 9500 | H18: 11400 | J18: 5700 | K18: 3800 | L18: 11400 | M18: 9500 | P18: =SUM(F18:O18) -> 66500 | Q18: =P18/E18 -> 35
A19: 12 | B19: GRN-20 | C19: 20MM NIPPLE | D19: 10 | E19: 890 | F19: 2670 | G19: 2670 | H19: 5340 | J19: 4450 | K19: 5340 | L19: 1780 | P19: =SUM(F19:O19) -> 22250 | Q19: =P19/E19 -> 25
A20: 13 | B20: GRN-25 | C20: 25MM NIPPLE | D20: 10 | E20: 600 | F20: 3000 | G20: 4200 | H20: 5400 | I20: 2400 | J20: 2400 | K20: 1800 | L20: 1200 | P20: =SUM(F20:O20) -> 20400 | Q20: =P20/E20 -> 34
B21: GRP-15 | C21: 15MM PLUG | D21: 10 | E21: 2900 | F21: 8700 | G21: 11600 | H21: 8700 | J21: 8700 | K21: 8700 | P21: =SUM(F21:O21) -> 46400 | Q21: =P21/E21 -> 16
B22: GRP-20 | C22: 20MM PLUG | D22: 10 | E22: 1700 | F22: 1700 | G22: 3400 | J22: 3400 | K22: 3400 | P22: =SUM(F22:O22) -> 11900 | Q22: =P22/E22 -> 7
A23: 14 | B23: GRP-25 | C23: 25MM PLUG | D23: 10 | E23: 1000 | F23: 1000 | G23: 2000 | J23: 2000 | K23: 1000 | P23: =SUM(F23:O23) -> 6000 | Q23: =P23/E23 -> 6
A24: 15 | B24: MFA-15 | C24: 15MM M/F Adaptors. | D24: 50 | E24: 1750 | F24: 17500 | G24: 5250 | H24: 12250 | L24: 8750 | M24: 8750 | P24: =SUM(F24:O24) -> 52500 | Q24: =P24/E24 -> 30
A25: 16 | B25: MFE-15 | C25: M/F Elbow 1/2" (15MM) | D25: 100 | E25: 1000 | F25: 5000 | G25: 9000 | J25: 5000 | L25: 3000 | M25: 8000 | P25: =SUM(F25:O25) -> 30000 | Q25: =P25/E25 -> 30
A26: 17 | B26: MFE-20 | C26: M/F Elbow 20MM | D26: 50 | E26: 600 | G26: 1200 | I26: 600 | L26: 1800 | M26: 600 | P26: =SUM(F26:O26) -> 4200 | Q26: =P26/E26 -> 7
A27: 18 | B27: MFE-25 | C27: M/F Elbow 25MM (1") | D27: 50 | E27: 350 | F27: 350 | I27: 350 | L27: 350 | P27: =SUM(F27:O27) -> 1050 | Q27: =P27/E27 -> 3
A28: 19 | B28: PET-1512 | C28: Full Threadd Roser 15mmx300 MM | D28: 10 | E28: 300 | F28: 3000 | G28: 3000 | I28: 3000 | K28: 3000 | P28: =SUM(F28:O28) -> 12000 | Q28: =P28/E28 -> 40
A29: 20 | B29: PET-2012 | C29: Full Threaded Riser 20mm x 300 MM | D29: 10 | E29: 230 | P29: =SUM(F29:O29) -> 0 | Q29: =P29/E29 -> 0
A30: 21 | B30: PET-2512 | C30: Full Threaded Riser 25mm x 300 MM | D30: 10 | E30: 160 | P30: =SUM(F30:O30) -> 0 | Q30: =P30/E30 -> 0
A31: 22 | B31: PET-3212 | C31: Full Thread Riser 300 X 32MM | D31: 5 | E31: 85 | P31: =SUM(F31:O31) -> 0 | Q31: =P31/E31 -> 0
A32: 23 | B32: PET-4012 | C32: Full Thread Riser 300 X 40MM | D32: 5 | E32: 75 | P32: =SUM(F32:O32) -> 0 | Q32: =P32/E32 -> 0
A33: 24 | B33: PET-5012 | C33: Full Thread Riser 300 X 50MM | D33: 5 | E33: 45 | P33: =SUM(F33:O33) -> 0 | Q33: =P33/E33 -> 0
A34: 25 | B34: PP-1501 | C34: 25 x 15MM Poly Riser | D34: 5 | E34: 2000 | F34: 20000 | H34: 26000 | I34: 20000 | L34: 30000 | P34: =SUM(F34:O34) -> 96000 | Q34: =P34/E34 -> 48
A35: 26 | B35: PP-1502 | C35: 50X15 MM Poly Eriser | D35: 100 | E35: 2000 | F35: 14000 | G35: 8000 | I35: 4000 | K35: 16000 | L35: 10000 | M35: 12000 | P35: =SUM(F35:O35) -> 64000 | Q35: =P35/E35 -> 32
A36: 27 | B36: PP-1503 | C36: 80 x 15MM Poly Riser | D36: 50 | E36: 1100 | F36: 8800 | G36: 7700 | H36: 7700 | J36: 8800 | K36: 13200 | L36: 5500 | M36: 1100 | P36: =SUM(F36:O36) -> 52800 | Q36: =P36/E36 -> 48
A37: 28 | B37: PP-1504 | C37: 100 x 15MM Poly Riser. | D37: 50 | E37: 1000 | F37: 2000 | G37: 5000 | H37: 5000 | I37: 4000 | J37: 6000 | K37: 10000 | L37: 24000 | P37: =SUM(F37:O37) -> 56000 | Q37: =P37/E37 -> 56
A38: 29 | B38: PP-1505 | C38: 125 X 15 MM Poly Riser | D38: 50 | E38: 800 | F38: 6400 | G38: 2400 | H38: 8000 | I38: 6400 | L38: 6400 | P38: =SUM(F38:O38) -> 29600 | Q38: =P38/E38 -> 37
A39: 30 | B39: PP-1506 | C39: 150 x 15MM Poly Riser. | D39: 50 | E39: 600 | F39: 9000 | G39: 6000 | H39: 6000 | I39: 6000 | J39: 7800 | K39: 8400 | L39: 18000 | P39: =SUM(F39:O39) -> 61200 | Q39: =P39/E39 -> 102
A40: 31 | B40: PP-1506-PH | C40: 90441200 150x15 MM Poly Riser | D40: 10 | E40: 600 | G40: 1200 | H40: 1200 | I40: 1800 | K40: 1200 | L40: 3000 | P40: =SUM(F40:O40) -> 8400 | Q40: =P40/E40 -> 14
A41: 32 | B41: PP-1508 | C41: 200 x 15MM Poly Riser. | D41: 10 | E41: 400 | P41: =SUM(F41:O41) -> 0 | Q41: =P41/E41 -> 0
A42: 33 | B42: PP-1509 | C42: 225 x 15MM Poly Riser. | D42: 10 | E42: 400 | F42: 11200 | G42: 800 | I42: 16800 | J42: 3200 | K42: 8000 | L42: 6000 | M42: 6000 | P42: =SUM(F42:O42) -> 52000 | Q42: =P42/E42 -> 130
A43: 34 | B43: PP-1512 | C43: Risers 1/2"(15MM)x12"(300MM) | D43: 10 | E43: 300 | G43: 4200 | H43: 10800 | I43: 8700 | J43: 3300 | K43: 9000 | L43: 9000 | M43: 6000 | P43: =SUM(F43:O43) -> 51000 | Q43: =P43/E43 -> 170
A44: 35 | B44: PP-1512-PH | C44: 90441300 P/Riser MXM 15x15x300 | D44: 10 | E44: 300 | F44: 3000 | H44: 3000 | J44: 3000 | K44: 3000 | L44: 2100 | M44: 3900 | P44: =SUM(F44:O44) -> 18000 | Q44: =P44/E44 -> 60
A45: 36 | B45: PP-2002 | C45: 50 x 20MM Poly Riser | D45: 10 | E45: 1300 | H45: 5200 | I45: 1300 | K45: 2600 | L45: 2600 | M45: 2600 | P45: =SUM(F45:O45) -> 14300 | Q45: =P45/E45 -> 11
A46: 37 | B46: PP-2003 | C46: 80 X 20MM Poly Riser | D46: 10 | E46: 800 | F46: 800 | G46: 1600 | I46: 4800 | K46: 3200 | L46: 3200 | M46: 3200 | P46: =SUM(F46:O46) -> 16800 | Q46: =P46/E46 -> 21
A47: 38 | B47: PP-2006 | C47: 150 X 20MM Poly Riser | D47: 10 | E47: 450 | F47: 450 | G47: 1800 | H47: 2250 | I47: 2250 | J47: 4500 | K47: 2250 | L47: 2250 | M47: 2250 | P47: =SUM(F47:O47) -> 18000 | Q47: =P47/E47 -> 40
A48: 39 | B48: PP-2006-PH | C48: 90442200 P/RISER M X M 3/4 X 3/4 X 150MM | D48: 10 | E48: 450 | G48: 1800 | H48: 1350 | J48: 1350 | K48: 1350 | L48: 1350 | M48: 1350 | P48: =SUM(F48:O48) -> 8550 | Q48: =P48/E48 -> 19
A49: 40 | B49: PP-2008 | C49: 200 x 20MM Poly Riser. | D49: 10 | E49: 330 | P49: =SUM(F49:O49) -> 0 | Q49: =P49/E49 -> 0
A50: 41 | B50: PP-2008 | C50: 200 x 20MM Poly Riser. | D50: 10 | E50: 320 | F50: 320 | G50: 640 | K50: 320 | L50: 320 | P50: =SUM(F50:O50) -> 1600 | Q50: =P50/E50 -> 5
A51: 42 | B51: PP-2012 | C51: 300 x 20MM Poly Riser. | D51: 10 | E51: 230 | F51: 1380 | G51: 460 | H51: 2300 | I51: 1380 | K51: 2300 | L51: 1380 | M51: 1380 | P51: =SUM(F51:O51) -> 10580 | Q51: =P51/E51 -> 46
A52: 43 | B52: PP-2012-PH | C52: 90442300 P/Riser MXM 20x20x300 mm | D52: 10 | E52: 230 | G52: 1150 | H52: 2300 | I52: 1150 | J52: 230 | K52: 1840 | L52: 1380 | M52: 1380 | P52: =SUM(F52:O52) -> 9430 | Q52: =P52/E52 -> 41
A53: 44 | B53: PP-2504 | C53: 100 X 25MM Poly Riser | D53: 10 | E53: 400 | G53: 400 | H53: 400 | J53: 400 | K53: 400 | L53: 800 | M53: 400 | P53: =SUM(F53:O53) -> 2800 | Q53: =P53/E53 -> 7
A54: 45 | B54: PP-2504-PH | C54: 90443100 P/RISER M X M 1 x 1 x 100 MM | D54: 10 | E54: 400 | H54: 1600 | J54: 400 | K54: 400 | L54: 800 | M54: 400 | P54: =SUM(F54:O54) -> 3600 | Q54: =P54/E54 -> 9
A55: 46 | B55: PP-2506 | C55: 150 X 25MM Poly Riser | D55: 10 | E55: 300 | F55: 300 | G55: 300 | H55: 600 | I55: 600 | K55: 300 | L55: 900 | M55: 300 | P55: =SUM(F55:O55) -> 3300 | Q55: =P55/E55 -> 11
A56: 47 | B56: PP-2506-PH | C56: 90443200 P/RISER M X M 1 x 1 x 150 MM | D56: 10 | E56: 300 | F56: 1500 | G56: 1500 | H56: 300 | J56: 5700 | K56: 3000 | L56: 3000 | M56: 1200 | P56: =SUM(F56:O56) -> 16200 | Q56: =P56/E56 -> 54
A57: 48 | B57: PP-2512 | C57: 300 x 25MM Poly Riser. | D57: 10 | E57: 160 | F57: 320 | G57: 2880 | H57: 480 | I57: 1120 | J57: 160 | K57: 1600 | L57: 1600 | P57: =SUM(F57:O57) -> 8160 | Q57: =P57/E57 -> 51
A58: 49 | B58: PP-2512-PH | C58: 90443300 P/Riser MXM 25x25x300 mm | D58: 10 | E58: 160 | G58: 2400 | H58: 2400 | J58: 2400 | K58: 2400 | L58: 2400 | M58: 1600 | P58: =SUM(F58:O58) -> 13600 | Q58: =P58/E58 -> 85
A59: 50 | B59: PPA-1506 | C59: 150 x 15MM Articulated P.Riser. | D59: 10 | E59: 130 | G59: 260 | J59: 650 | K59: 130 | P59: =SUM(F59:O59) -> 1040 | Q59: =P59/E59 -> 8
A60: 51 | B60: PPA-1508 | C60: 200 x 15MM Articulated P.Riser. | D60: 10 | E60: 110 | F60: 1210 | J60: 1320 | L60: 1100 | M60: 550 | P60: =SUM(F60:O60) -> 4180 | Q60: =P60/E60 -> 38
A61: 52 | B61: PPA-1512 | C61: Articulated Riser 1/2"(15mm)x300MM | D61: 10 | E61: 80 | F61: 640 | G61: 800 | J61: 1440 | L61: 1120 | M61: 640 | P61: =SUM(F61:O61) -> 4640 | Q61: =P61/E61 -> 58
A62: 53 | B62: PPA-2008 | C62: 200 x 20MM Artic Riser | D62: 5 | E62: 75 | H62: 450 | J62: 300 | K62: 300 | L62: 300 | M62: 300 | P62: =SUM(F62:O62) -> 1650 | Q62: =P62/E62 -> 22
A63: 54 | B63: PPA-2012 | C63: 300 x 20MM Artic Riser | D63: 5 | E63: 50 | F63: 250 | H63: 2000 | I63: 500 | K63: 500 | L63: 500 | M63: 500 | P63: =SUM(F63:O63) -> 4250 | Q63: =P63/E63 -> 85
A64: 55 | B64: PPA-2512 | C64: 300 x 25MM Artic Riser | D64: 5 | E64: 35 | I64: 665 | J64: 35 | L64: 350 | P64: =SUM(F64:O64) -> 1050 | Q64: =P64/E64 -> 30
A66: TOTAL | F66: =SUM(F7:F65) -> 189890 | G66: =SUM(G7:G65) -> 152460 | H66: =SUM(H7:H65) -> 156720 | I66: =SUM(I7:I65) -> 122265 | J66: =SUM(J7:J65) -> 107035 | K66: =SUM(K7:K65) -> 149030 | L66: =SUM(L7:L65) -> 221430 | M66: =SUM(M7:M65) -> 79100 | ... P66: =SUM(P7:P65) -> 1177930
A67: TOTAL BOXES | Q67: =SUM(Q7:Q65) -> 1807
Q68: =SUM(F3:O3) -> 1807

Sheet Moulded-2024-25
A1: MOULDED - 2024-25 INVOICE NO | F1: 4010 | G1: 4012 | H1: 4014 | I1: 4016 | J1: 4017 | K1: 4018 | L1: 5001 | M1: 5004 | N1: 5005 | P1: DO | Q1: TOTAL
A2: DATE | F2: 06.08.2024 | G2: 03.09.2024 | H2: 08.10.2024 | I2: 17.12.2024 | J2: 30.01.2025 | K2: 27.02.2025 | L2: 02.04.2025 | M2: 12.05.2025 | N2: 20.06.2025 | P2: NOT | Q2: PCS | R2: BOX
D3: PKGS | F3: 186 | G3: 166 | H3: 148 | I3: 180 | J3: 12 | K3: 210 | L3: 169 | M3: 246 | N3: 317 | P3: FILL
A4: Sr. No. | B4: CODE | C4: DESCRIPTION | D4: PACKING | F4: PCS | G4: PCS | H4: PCS | I4: PCS | J4: PCS | K4: PCS | L4: PCS | M4: PCS | N4: PCS | O4: PCS | P4: PCS
D5: UNIT | E5: BOX
A7: 1 | B7: CAP-15 | C7: 15MM F.I.Cap. | D7: 50 | E7: 2800 | F7: 2800 | H7: 5600 | I7: 2800 | K7: 2800 | N7: 5600 | Q7: =SUM(F7:P7) -> 19600 | R7: =Q7/E7 -> 7
A8: 2 | B8: CUT-15 | C8: 15 MM Flexi Cut-Off Riser | D8: 50 | E8: 550 | M8: 3300 | N8: 3300 | Q8: =SUM(F8:P8) -> 6600 | R8: =Q8/E8 -> 12
A9: 3 | B9: CUTMF-15 | C9: 15 mm M/F Cut off Riser | D9: 10 | E9: 1200 | F9: 2400 | M9: 4800 | N9: 4800 | Q9: =SUM(F9:P9) -> 12000 | R9: =Q9/E9 -> 10
A10: 4 | B10: CUTPL-15 | C10: 15MM Rigid Cut Off Riser. | D10: 50 | E10: 550 | Q10: =SUM(F10:P10) -> 0 | R10: =Q10/E10 -> 0
A11: 5 | B11: FFC-15 | C11: F/F Couplings 1/2"(15MM) | D11: 100 | E11: 1200 | F11: 24000 | H11: 36000 | I11: 12000 | K11: 24000 | L11: 12000 | M11: 12000 | N11: 14400 | Q11: =SUM(F11:P11) -> 134400 | R11: =Q11/E11 -> 112
A12: 6 | B12: FFC-20 | C12: 20MM F/F Couplings | D12: 10 | E12: 800 | F12: 2400 | Q12: =SUM(F12:P12) -> 2400 | R12: =Q12/E12 -> 3
A13: 7 | B13: FFC-25 | C13: FFC 25 F/F Couplings | D13: 10 | E13: 520 | L13: 520 | Q13: =SUM(F13:P13) -> 520 | R13: =Q13/E13 -> 1
A14: 7A | B14: FFC-25 | C14: FFC 25 F/F Couplings | D14: 10 | E14: 450 | Q14: =SUM(F14:P14) -> 0 | R14: =Q14/E14 -> 0
A15: 8 | B15: GRC-15 | C15: 15MM PP CAP | D15: 10 | E15: 2500 | F15: 7500 | H15: 10000 | I15: 10000 | K15: 10000 | L15: 15000 | M15: 5000 | N15: 10000 | Q15: =SUM(F15:P15) -> 67500 | R15: =Q15/E15 -> 27
A16: 9 | B16: GRC-20 | C16: 20MM PP CAP | D16: 10 | E16: 1500 | L16: 1500 | M16: 1500 | N16: 1500 | Q16: =SUM(F16:P16) -> 4500 | R16: =Q16/E16 -> 3
A17: 10 | B17: GRC-25 | C17: 25MM CAP | D17: 10 | E17: 900 | N17: 900 | Q17: =SUM(F17:P17) -> 900 | R17: =Q17/E17 -> 1
A18: 11 | B18: GRN-15 | C18: 15MM NIPPLE | D18: 10 | E18: 1900 | G18: 3800 | H18: 19000 | I18: 15200 | K18: 19000 | L18: 5700 | N18: 15200 | Q18: =SUM(F18:P18) -> 77900 | R18: =Q18/E18 -> 41
A19: 12 | B19: GRN-20 | C19: 20MM NIPPLE | D19: 10 | E19: 890 | H19: 2670 | L19: 1780 | N19: 2670 | Q19: =SUM(F19:P19) -> 7120 | R19: =Q19/E19 -> 8
A20: 13 | B20: GRN-25 | C20: 25MM NIPPLE | D20: 10 | E20: 600 | H20: 1800 | L20: 1800 | N20: 2400 | Q20: =SUM(F20:P20) -> 6000 | R20: =Q20/E20 -> 10
B21: GRP-15 | C21: 15MM PLUG | D21: 10 | E21: 2900 | H21: 8700 | Q21: =SUM(F21:P21) -> 8700 | R21: =Q21/E21 -> 3
B22: GRP-20 | C22: 20MM PLUG | D22: 10 | E22: 1700 | Q22: =SUM(F22:P22) -> 0 | R22: =Q22/E22 -> 0
A23: 14 | B23: GRP-25 | C23: 25MM PLUG | D23: 10 | E23: 1000 | Q23: =SUM(F23:P23) -> 0 | R23: =Q23/E23 -> 0
A24: 15 | B24: MFA-15 | C24: 15MM M/F Adaptors. | D24: 50 | E24: 1750 | F24: 1750 | Q24: =SUM(F24:P24) -> 1750 | R24: =Q24/E24 -> 1
A25: 16 | B25: MFE-15 | C25: M/F Elbow 1/2" (15MM) | D25: 100 | E25: 1000 | F25: 5000 | K25: 2000 | L25: 4000 | N25: 3000 | Q25: =SUM(F25:P25) -> 14000 | R25: =Q25/E25 -> 14
A26: 17 | B26: MFE-20 | C26: M/F Elbow 20MM | D26: 50 | E26: 600 | I26: 2400 | K26: 1200 | M26: 1800 | N26: 1200 | Q26: =SUM(F26:P26) -> 6600 | R26: =Q26/E26 -> 11
A27: 18 | B27: MFE-25 | C27: M/F Elbow 25MM (1") | D27: 50 | E27: 350 | I27: 350 | K27: 350 | L27: 350 | N27: 350 | Q27: =SUM(F27:P27) -> 1400 | R27: =Q27/E27 -> 4
A28: 19 | B28: PET-1512 | C28: Full Threadd Roser 15mmx300 MM | D28: 10 | E28: 300 | L28: 3000 | M28: 3000 | N28: 4500 | Q28: =SUM(F28:P28) -> 10500 | R28: =Q28/E28 -> 35
A29: 20 | B29: PET-2012 | C29: Full Threaded Riser 20mm x 300 MM | D29: 10 | E29: 230 | Q29: =SUM(F29:P29) -> 0 | R29: =Q29/E29 -> 0
A30: 21 | B30: PET-2512 | C30: Full Threaded Riser 25mm x 300 MM | D30: 10 | E30: 160 | Q30: =SUM(F30:P30) -> 0 | R30: =Q30/E30 -> 0
A31: 22 | B31: PET-3212 | C31: Full Thread Riser 300 X 32MM | D31: 5 | E31: 85 | Q31: =SUM(F31:P31) -> 0 | R31: =Q31/E31 -> 0
A32: 23 | B32: PET-4012 | C32: Full Thread Riser 300 X 40MM | D32: 5 | E32: 75 | Q32: =SUM(F32:P32) -> 0 | R32: =Q32/E32 -> 0
A33: 24 | B33: PET-5012 | C33: Full Thread Riser 300 X 50MM | D33: 5 | E33: 45 | Q33: =SUM(F33:P33) -> 0 | R33: =Q33/E33 -> 0
A34: 25 | B34: PP-1501 | C34: 25 x 15MM Poly Riser | D34: 5 | E34: 2000 | J34: 24000 | K34: 40000 | L34: 20000 | M34: 20000 | N34: 26000 | Q34: =SUM(F34:P34) -> 130000 | R34: =Q34/E34 -> 65
A35: 26 | B35: PP-1502 | C35: 50X15 MM Poly Eriser | D35: 100 | E35: 2000 | G35: 12000 | I35: 6000 | K35: 12000 | N35: 10000 | Q35: =SUM(F35:P35) -> 40000 | R35: =Q35/E35 -> 20
A36: 27 | B36: PP-1503 | C36: 80 x 15MM Poly Riser | D36: 50 | E36: 1100 | F36: 23100 | G36: 6600 | H36: 6600 | I36: 6600 | K36: 13200 | M36: 6600 | N36: 11000 | Q36: =SUM(F36:P36) -> 73700 | R36: =Q36/E36 -> 67
A37: 28 | B37: PP-1504 | C37: 100 x 15MM Poly Riser. | D37: 50 | E37: 1000 | F37: 6000 | I37: 6000 | K37: 6000 | L37: 12000 | M37: 7000 | N37: 13000 | Q37: =SUM(F37:P37) -> 50000 | R37: =Q37/E37 -> 50
A38: 28A | B38: PP-1504 | C38: 100 x 15MM Poly Riser. | D38: 50 | E38: 1000 | Q38: =SUM(F38:P38) -> 0 | R38: =Q38/E38 -> 0
A39: 29 | B39: PP-1505 | C39: 125 X 15 MM Poly Riser | D39: 50 | E39: 800 | F39: 8800 | G39: 4000 | Q39: =SUM(F39:P39) -> 12800 | R39: =Q39/E39 -> 16
A40: 30 | B40: PP-1506 | C40: 150 x 15MM Poly Riser. | D40: 50 | E40: 600 | G40: 6000 | L40: 12000 | M40: 6000 | N40: 12000 | Q40: =SUM(F40:P40) -> 36000 | R40: =Q40/E40 -> 60
A41: 31 | B41: PP-1506-PH | C41: 90441200 150x15 MM Poly Riser | D41: 10 | E41: 600 | L41: 1200 | M41: 600 | N41: 1800 | Q41: =SUM(F41:P41) -> 3600 | R41: =Q41/E41 -> 6
A42: 32 | B42: PP-1508 | C42: 200 x 15MM Poly Riser. | D42: 10 | E42: 400 | G42: 800 | H42: 2000 | I42: 4000 | K42: 4000 | Q42: =SUM(F42:P42) -> 10800 | R42: =Q42/E42 -> 27
A43: 33 | B43: PP-1509 | C43: 225 x 15MM Poly Riser. | D43: 10 | E43: 400 | F43: 8400 | G43: 1600 | H43: 6000 | I43: 4000 | K43: 4000 | M43: 4000 | N43: 4000 | Q43: =SUM(F43:P43) -> 32000 | R43: =Q43/E43 -> 80
A44: 34 | B44: PP-1512 | C44: Risers 1/2"(15MM)x12"(300MM) | D44: 10 | E44: 300 | F44: 6000 | G44: 6000 | M44: 9000 | N44: 15000 | Q44: =SUM(F44:P44) -> 36000 | R44: =Q44/E44 -> 120
A45: 35 | B45: PP-1512-PH | C45: 90441300 P/Riser MXM 15x15x300 | D45: 10 | E45: 300 | Q45: =SUM(F45:P45) -> 0 | R45: =Q45/E45 -> 0
A46: 36 | B46: PP-2002 | C46: 50 x 20MM Poly Riser | D46: 10 | E46: 1300 | F46: 2600 | G46: 1300 | Q46: =SUM(F46:P46) -> 3900 | R46: =Q46/E46 -> 3
A47: 37 | B47: PP-2003 | C47: 80 X 20MM Poly Riser | D47: 10 | E47: 800 | F47: 3200 | G47: 1600 | Q47: =SUM(F47:P47) -> 4800 | R47: =Q47/E47 -> 6
A48: 38 | B48: PP-2006 | C48: 150 X 20MM Poly Riser | D48: 10 | E48: 450 | F48: 2250 | G48: 1800 | Q48: =SUM(F48:P48) -> 4050 | R48: =Q48/E48 -> 9
A49: 39 | B49: PP-2006-PH | C49: 90442200 P/RISER M X M 3/4 X 3/4 X 150MM | D49: 10 | E49: 450 | F49: 900 | Q49: =SUM(F49:P49) -> 900 | R49: =Q49/E49 -> 2
A50: 40 | B50: PP-2008 | C50: 200 x 20MM Poly Riser. | D50: 10 | E50: 320 | I50: 320 | Q50: =SUM(F50:P50) -> 320 | R50: =Q50/E50 -> 1
A51: 41 | B51: PP-2008 | C51: 200 x 20MM Poly Riser. | D51: 10 | E51: 320 | F51: 640 | G51: 320 | Q51: =SUM(F51:P51) -> 960 | R51: =Q51/E51 -> 3
A52: 42 | B52: PP-2012 | C52: 300 x 20MM Poly Riser. | D52: 10 | E52: 230 | F52: 1380 | G52: 1380 | K52: 3680 | L52: 2760 | N52: 2300 | Q52: =SUM(F52:P52) -> 11500 | R52: =Q52/E52 -> 50
A53: 43 | B53: PP-2012-PH | C53: 90442300 P/Riser MXM 20x20x300 mm | D53: 10 | E53: 230 | F53: 460 | Q53: =SUM(F53:P53) -> 460 | R53: =Q53/E53 -> 2
A54: 44 | B54: PP-2504 | C54: 100 X 25MM Poly Riser | D54: 10 | E54: 400 | F54: 400 | G54: 800 | Q54: =SUM(F54:P54) -> 1200 | R54: =Q54/E54 -> 3
A55: 45 | B55: PP-2504-PH | C55: 90443100 P/RISER M X M 1 x 1 x 100 MM | D55: 10 | E55: 400 | F55: 800 | G55: 800 | I55: 400 | L55: 400 | M55: 400 | N55: 800 | Q55: =SUM(F55:P55) -> 3600 | R55: =Q55/E55 -> 9
A56: 46 | B56: PP-2506 | C56: 150 X 25MM Poly Riser | D56: 10 | E56: 300 | F56: 300 | G56: 600 | K56: 600 | N56: 300 | Q56: =SUM(F56:P56) -> 1800 | R56: =Q56/E56 -> 6
A57: 47 | B57: PP-2506-PH | C57: 90443200 P/RISER M X M 1 x 1 x 150 MM | D57: 10 | E57: 300 | G57: 900 | H57: 600 | N57: 900 | Q57: =SUM(F57:P57) -> 2400 | R57: =Q57/E57 -> 8
A58: 48 | B58: PP-2512 | C58: 300 x 25MM Poly Riser. | D58: 10 | E58: 160 | F58: 1600 | G58: 960 | H58: 960 | I58: 800 | K58: 800 | L58: 800 | N58: 1600 | Q58: =SUM(F58:P58) -> 7520 | R58: =Q58/E58 -> 47
A59: 49 | B59: PP-2512-PH | C59: 90443300 P/Riser MXM 25x25x300 mm | D59: 10 | E59: 160 | F59: 1600 | G59: 960 | L59: 1280 | N59: 1280 | Q59: =SUM(F59:P59) -> 5120 | R59: =Q59/E59 -> 32
A60: 50 | B60: PPA-1506 | C60: 150 x 15MM Articulated P.Riser. | D60: 10 | E60: 130 | I60: 390 | K60: 390 | L60: 390 | N60: 390 | Q60: =SUM(F60:P60) -> 1560 | R60: =Q60/E60 -> 12
A61: 51 | B61: PPA-1508 | C61: 200 x 15MM Articulated P.Riser. | D61: 10 | E61: 110 | F61: 550 | G61: 1100 | H61: 330 | I61: 550 | Q61: =SUM(F61:P61) -> 2530 | R61: =Q61/E61 -> 23
A62: 52 | B62: PPA-1512 | C62: Articulated Riser 1/2"(15mm)x300MM | D62: 10 | E62: 80 | F62: 480 | G62: 1280 | H62: 1280 | I62: 2560 | K62: 2400 | L62: 1600 | M62: 4800 | N62: 3200 | Q62: =SUM(F62:P62) -> 17600 | R62: =Q62/E62 -> 220
A63: 53 | B63: PPA-2008 | C63: 200 x 20MM Artic Riser | D63: 5 | E63: 75 | F63: 300 | Q63: =SUM(F63:P63) -> 300 | R63: =Q63/E63 -> 4
A64: 54 | B64: PPA-2012 | C64: 300 x 20MM Artic Riser | D64: 5 | E64: 50 | F64: 500 | G64: 2000 | H64: 2000 | I64: 3000 | K64: 2000 | L64: 1000 | M64: 3000 | N64: 2500 | Q64: =SUM(F64:P64) -> 16000 | R64: =Q64/E64 -> 320
A65: 55 | B65: PPA-2512 | C65: 300 x 25MM Artic Riser | D65: 5 | E65: 35 | G65: 350 | I65: 350 | K65: 350 | L65: 525 | M65: 525 | Q65: =SUM(F65:P65) -> 2100 | R65: =Q65/E65 -> 60
A67: TOTAL | F67: =SUM(F7:F66) -> 116110 | G67: =SUM(G7:G66) -> 56950 | H67: =SUM(H7:H66) -> 103540 | I67: =SUM(I7:I66) -> 77720 | J67: =SUM(J7:J66) -> 24000 | K67: =SUM(K7:K66) -> 148770 | L67: =SUM(L7:L66) -> 99605 | M67: =SUM(M7:M66) -> 93325 | ... Q67: =SUM(Q7:Q66) -> 895910
A68: TOTAL BOXES | R68: =SUM(R7:R66) -> 1634
R69: =SUM(F3:P3) -> 1634

Sheet Moulded-2025-26
A1: MOULDED - 2025-26 INVOICE NO | F1: 5008 | G1: 5009 | H1: 5011 | I1: 5012 | J1: 5013 | K1: 5016 | L1: 5018 | M1: 5020 | N1: 5021 | O1: 5022 | P1: 5023 | Q1: 5024 | R1: 5025 | S1: 5026 | T1: 5027 | U1: 5028 | V1: 5029 | W1: 5031 | X1: 6001 | Y1: 6002 | Z1: 6003 | AC1: DO | AD1: TOTAL
A2: DATE | F2: 22.07.2025 | G2: 24.07.2025 | H2: 25.08.2025 | I2: 18.09.2025 | J2: 03.10.2025 | K2: 30.10.2025 | L2: 21.11.2025 | M2: 05.12.2025 | N2: 10.12.2025 | O2: 23.12.2025 | P2: 02.01.2026 | Q2: 16.01.2026 | R2: 17.01.2026 | S2: 22.01.2026 | T2: 06.02.2026 | U2: 11.02.2026 | V2: 25.02.2026 | W2: 23.03.2026 | X2: 10.04.2026 | Y2: 04.05.2026 | Z2: 25.05.2026 | AC2: NOT | AD2: PCS | AE2: BOX
D3: PKGS | F3: 1 | G3: 205 | H3: 219 | I3: 64 | J3: 166 | K3: 185 | L3: 18 | M3: 52 | N3: 6 | O3: 66 | P3: 7 | Q3: 135 | R3: 12 | S3: 3 | T3: 59 | U3: 18 | V3: 174 | W3: 122 | X3: 130 | Y3: 3 | Z3: 306 | AC3: FILL
A4: Sr. No. | B4: CODE | C4: DESCRIPTION | D4: PACKING | F4: PCS | G4: PCS | H4: PCS | I4: PCS | J4: PCS | K4: PCS | L4: PCS | M4: PCS | N4: PCS | O4: PCS | P4: PCS | Q4: PCS | R4: PCS | S4: PCS | T4: PCS | U4: PCS | V4: PCS | W4: PCS | X4: PCS | Y4: PCS | Z4: PCS | AA4: PCS | AB4: PCS | AC4: PCS
D5: UNIT | E5: BOX
A7: 1 | B7: CAP-15 | C7: 15MM F.I.Cap. | D7: 50 | E7: 2800 | F7: 2800 | G7: 2800 | H7: 2800 | J7: 2800 | M7: 8400 | Q7: 2800 | AD7: =SUM(F7:AC7) -> 22400 | AE7: =AD7/E7 -> 8
A8: 2 | B8: CUT-15 | C8: 15 MM Flexi Cut-Off Riser | D8: 50 | E8: 550 | G8: 6600 | H8: 3300 | J8: 6600 | M8: 6600 | Q8: 6600 | V8: 3300 | W8: 3300 | Z8: 3300 | AD8: =SUM(F8:AC8) -> 39600 | AE8: =AD8/E8 -> 72
A9: 3 | B9: CUTMF-15 | C9: 15 mm M/F Cut off Riser | D9: 10 | E9: 1200 | G9: 4800 | H9: 6000 | J9: 4800 | N9: 2400 | R9: 14400 | V9: 9600 | X9: 6000 | Z9: 19200 | AD9: =SUM(F9:AC9) -> 67200 | AE9: =AD9/E9 -> 56
A10: 4 | B10: CUTPL-15 | C10: 15MM Rigid Cut Off Riser. | D10: 50 | E10: 550 | H10: 3300 | J10: 3300 | K10: 1650 | Q10: 4950 | Z10: 2750 | AD10: =SUM(F10:AC10) -> 15950 | AE10: =AD10/E10 -> 29
A11: 5 | B11: FFC-15 | C11: F/F Couplings 1/2"(15MM) | D11: 100 | E11: 1200 | G11: 33600 | H11: 24000 | I11: 36000 | K11: 24000 | O11: 36000 | T11: 18000 | W11: 9600 | X11: 12000 | AD11: =SUM(F11:AC11) -> 193200 | AE11: =AD11/E11 -> 161
A12: 6 | B12: FFC-20 | C12: 20MM F/F Couplings | D12: 10 | E12: 800 | M12: 3200 | N12: 1600 | Q12: 2400 | V12: 3200 | Z12: 3200 | AD12: =SUM(F12:AC12) -> 13600 | AE12: =AD12/E12 -> 17
A13: 7 | B13: FFC-25 | C13: FFC 25 F/F Couplings | D13: 10 | E13: 520 | AD13: =SUM(F13:AC13) -> 0 | AE13: =AD13/E13 -> 0
A14: 7A | B14: FFC-25 | C14: FFC 25 F/F Couplings | D14: 10 | E14: 450 | AD14: =SUM(F14:AC14) -> 0 | AE14: =AD14/E14 -> 0
A15: 8 | B15: GRC-15 | C15: 15MM PP CAP | D15: 10 | E15: 2500 | AD15: =SUM(F15:AC15) -> 0 | AE15: =AD15/E15 -> 0
A16: 9 | B16: GRC-20 | C16: 20MM PP CAP | D16: 10 | E16: 1500 | G16: 3000 | AD16: =SUM(F16:AC16) -> 3000 | AE16: =AD16/E16 -> 2
A17: 10 | B17: GRC-25 | C17: 25MM CAP | D17: 10 | E17: 900 | G17: 1800 | AD17: =SUM(F17:AC17) -> 1800 | AE17: =AD17/E17 -> 2
A18: 11 | B18: GRN-15 | C18: 15MM NIPPLE | D18: 10 | E18: 1900 | G18: 13300 | H18: 5700 | AD18: =SUM(F18:AC18) -> 19000 | AE18: =AD18/E18 -> 10
A19: 12 | B19: GRN-20 | C19: 20MM NIPPLE | D19: 10 | E19: 890 | G19: 4450 | H19: 2670 | AD19: =SUM(F19:AC19) -> 7120 | AE19: =AD19/E19 -> 8
A20: 13 | B20: GRN-25 | C20: 25MM NIPPLE | D20: 10 | E20: 600 | G20: 4800 | H20: 1800 | AD20: =SUM(F20:AC20) -> 6600 | AE20: =AD20/E20 -> 11
B21: GRP-15 | C21: 15MM PLUG | D21: 10 | E21: 2900 | G21: 8700 | H21: 8700 | I21: 8700 | L21: 17400 | W21: 29000 | AD21: =SUM(F21:AC21) -> 72500 | AE21: =AD21/E21 -> 25
B22: GRP-20 | C22: 20MM PLUG | D22: 10 | E22: 1700 | H22: 1700 | I22: 3400 | K22: 1700 | L22: 1700 | O22: 1700 | T22: 3400 | AD22: =SUM(F22:AC22) -> 13600 | AE22: =AD22/E22 -> 8
A23: 14 | B23: GRP-25 | C23: 25MM PLUG | D23: 10 | E23: 1000 | H23: 1000 | I23: 1000 | K23: 1000 | L23: 1000 | O23: 1000 | T23: 2000 | AD23: =SUM(F23:AC23) -> 7000 | AE23: =AD23/E23 -> 7
A24: 15 | B24: MFA-15 | C24: 15MM M/F Adaptors. | D24: 50 | E24: 1750 | J24: 5250 | P24: 1750 | Q24: 5250 | S24: 5250 | V24: 8750 | Z24: 12250 | AD24: =SUM(F24:AC24) -> 38500 | AE24: =AD24/E24 -> 22
A25: 16 | B25: MFE-15 | C25: M/F Elbow 1/2" (15MM) | D25: 100 | E25: 1000 | G25: 3000 | H25: 5000 | N25: 2000 | P25: 1000 | Q25: 4000 | V25: 9000 | Z25: 6000 | AD25: =SUM(F25:AC25) -> 30000 | AE25: =AD25/E25 -> 30
A26: 17 | B26: MFE-20 | C26: M/F Elbow 20MM | D26: 50 | E26: 600 | J26: 600 | M26: 1200 | Q26: 600 | AD26: =SUM(F26:AC26) -> 2400 | AE26: =AD26/E26 -> 4
A27: 18 | B27: MFE-25 | C27: M/F Elbow 25MM (1") | D27: 50 | E27: 350 | J27: 350 | V27: 700 | AD27: =SUM(F27:AC27) -> 1050 | AE27: =AD27/E27 -> 3
A28: 19 | B28: PET-1512 | C28: Full Threadd Roser 15mmx300 MM | D28: 10 | E28: 300 | H28: 3000 | K28: 6000 | O28: 3000 | T28: 3000 | W28: 3000 | X28: 3000 | Y28: 300 | AD28: =SUM(F28:AC28) -> 21300 | AE28: =AD28/E28 -> 71
A29: 20 | B29: PET-2012 | C29: Full Threaded Riser 20mm x 300 MM | D29: 10 | E29: 230 | AD29: =SUM(F29:AC29) -> 0 | AE29: =AD29/E29 -> 0
A30: 21 | B30: PET-2512 | C30: Full Threaded Riser 25mm x 300 MM | D30: 10 | E30: 160 | AD30: =SUM(F30:AC30) -> 0 | AE30: =AD30/E30 -> 0
A31: 22 | B31: PET-3212 | C31: Full Thread Riser 300 X 32MM | D31: 5 | E31: 85 | AD31: =SUM(F31:AC31) -> 0 | AE31: =AD31/E31 -> 0
A32: 23 | B32: PET-4012 | C32: Full Thread Riser 300 X 40MM | D32: 5 | E32: 75 | AD32: =SUM(F32:AC32) -> 0 | AE32: =AD32/E32 -> 0
A33: 24 | B33: PET-5012 | C33: Full Thread Riser 300 X 50MM | D33: 5 | E33: 45 | AD33: =SUM(F33:AC33) -> 0 | AE33: =AD33/E33 -> 0
A34: 25 | B34: PP-1501 | C34: 25 x 15MM Poly Riser | D34: 5 | E34: 2000 | G34: 34000 | H34: 20000 | I34: 20000 | T34: 6000 | W34: 6000 | X34: 4000 | Y34: 4000 | AD34: =SUM(F34:AC34) -> 94000 | AE34: =AD34/E34 -> 47
A35: 26 | B35: PP-1502 | C35: 50X15 MM Poly Eriser | D35: 100 | E35: 2000 | H35: 2000 | AD35: =SUM(F35:AC35) -> 2000 | AE35: =AD35/E35 -> 1
A36: 26A | B36: PP-1502 | C36: 50X15 MM Poly Eriser | D36: 50 | E36: 1800 | P36: 9000 | T36: 27000 | U36: 9000 | V36: 9000 | W36: 10800 | X36: 10800 | AD36: =SUM(F36:AC36) -> 75600 | AE36: =AD36/E36 -> 42
A37: 27 | B37: PP-1503 | C37: 80 x 15MM Poly Riser | D37: 50 | E37: 1100 | G37: 6600 | H37: 12100 | J37: 16500 | Q37: 8800 | U37: 11000 | V37: 9900 | W37: 1100 | X37: 11000 | Z37: 16500 | AD37: =SUM(F37:AC37) -> 93500 | AE37: =AD37/E37 -> 85
A38: 28 | B38: PP-1504 | C38: 100 x 15MM Poly Riser. | D38: 50 | E38: 1000 | G38: 9000 | H38: 6000 | I38: 6000 | K38: 9000 | O38: 14000 | T38: 2000 | W38: 20000 | X38: 5000 | AD38: =SUM(F38:AC38) -> 71000 | AE38: =AD38/E38 -> 71
A39: 28A | B39: PP-1504 | C39: 100 x 15MM Poly Riser. | D39: 50 | E39: 1000 | AD39: =SUM(F39:AC39) -> 0 | AE39: =AD39/E39 -> 0
A40: 29 | B40: PP-1505 | C40: 125 X 15 MM Poly Riser | D40: 50 | E40: 800 | Q40: 3200 | U40: 2400 | V40: 8800 | X40: 1600 | Z40: 9600 | AD40: =SUM(F40:AC40) -> 25600 | AE40: =AD40/E40 -> 32
A41: 30 | B41: PP-1506 | C41: 150 x 15MM Poly Riser. | D41: 50 | E41: 600 | G41: 6000 | H41: 6000 | I41: 6000 | K41: 6000 | L41: 6000 | O41: 6000 | T41: 6000 | W41: 6000 | X41: 2400 | AD41: =SUM(F41:AC41) -> 50400 | AE41: =AD41/E41 -> 84
A42: 31 | B42: PP-1506-PH | C42: 90441200 150x15 MM Poly Riser | D42: 10 | E42: 600 | G42: 600 | H42: 600 | I42: 1200 | K42: 600 | W42: 600 | AD42: =SUM(F42:AC42) -> 3600 | AE42: =AD42/E42 -> 6
A43: 32 | B43: PP-1508 | C43: 200 x 15MM Poly Riser. | D43: 10 | E43: 400 | X43: 2000 | Z43: 2000 | AD43: =SUM(F43:AC43) -> 4000 | AE43: =AD43/E43 -> 10
A44: 33 | B44: PP-1509 | C44: 225 x 15MM Poly Riser. | D44: 10 | E44: 400 | G44: 4000 | AD44: =SUM(F44:AC44) -> 4000 | AE44: =AD44/E44 -> 10
A45: 34 | B45: PP-1512 | C45: Risers 1/2"(15MM)x12"(300MM) | D45: 10 | E45: 300 | G45: 6000 | H45: 6000 | J45: 9000 | K45: 12000 | W45: 9000 | X45: 12000 | Z45: 9000 | AD45: =SUM(F45:AC45) -> 63000 | AE45: =AD45/E45 -> 210
A46: 35 | B46: PP-1512-PH | C46: 90441300 P/Riser MXM 15x15x300 | D46: 10 | E46: 300 | W46: 1200 | X46: 1500 | Z46: 900 | AD46: =SUM(F46:AC46) -> 3600 | AE46: =AD46/E46 -> 12
A47: 36 | B47: PP-2002 | C47: 50 x 20MM Poly Riser | D47: 10 | E47: 1300 | M47: 2600 | Q47: 2600 | V47: 2600 | W47: 2600 | Z47: 2600 | AD47: =SUM(F47:AC47) -> 13000 | AE47: =AD47/E47 -> 10
A48: 37 | B48: PP-2003 | C48: 80 X 20MM Poly Riser | D48: 10 | E48: 800 | M48: 1600 | Q48: 2400 | V48: 3200 | W48: 800 | X48: 800 | Z48: 2400 | AD48: =SUM(F48:AC48) -> 11200 | AE48: =AD48/E48 -> 14
A49: 38 | B49: PP-2006 | C49: 150 X 20MM Poly Riser | D49: 10 | E49: 450 | K49: 1800 | Q49: 2250 | V49: 3600 | Z49: 4050 | AD49: =SUM(F49:AC49) -> 11700 | AE49: =AD49/E49 -> 26
A50: 39 | B50: PP-2006-PH | C50: 90442200 P/RISER M X M 3/4 X 3/4 X 150MM | D50: 10 | E50: 450 | AD50: =SUM(F50:AC50) -> 0 | AE50: =AD50/E50 -> 0
A51: 40 | B51: PP-2008 | C51: 200 x 20MM Poly Riser. | D51: 10 | E51: 320 | H51: 320 | K51: 320 | Q51: 640 | V51: 320 | Z51: 640 | AD51: =SUM(F51:AC51) -> 2240 | AE51: =AD51/E51 -> 7
A52: 42 | B52: PP-2012 | C52: 300 x 20MM Poly Riser. | D52: 10 | E52: 230 | J52: 2300 | K52: 2300 | Z52: 6900 | AD52: =SUM(F52:AC52) -> 11500 | AE52: =AD52/E52 -> 50
A53: 43 | B53: PP-2012-PH | C53: 90442300 P/Riser MXM 20x20x300 mm | D53: 10 | E53: 230 | AD53: =SUM(F53:AC53) -> 0 | AE53: =AD53/E53 -> 0
A54: 44 | B54: PP-2504 | C54: 100 X 25MM Poly Riser | D54: 10 | E54: 400 | H54: 400 | J54: 400 | K54: 400 | Q54: 400 | V54: 400 | X54: 800 | Z54: 400 | AD54: =SUM(F54:AC54) -> 3200 | AE54: =AD54/E54 -> 8
A55: 45 | B55: PP-2504-PH | C55: 90443100 P/RISER M X M 1 x 1 x 100 MM | D55: 10 | E55: 400 | G55: 1200 | H55: 800 | J55: 800 | K55: 800 | Q55: 400 | V55: 400 | AD55: =SUM(F55:AC55) -> 4400 | AE55: =AD55/E55 -> 11
A56: 46 | B56: PP-2506 | C56: 150 X 25MM Poly Riser | D56: 10 | E56: 300 | H56: 300 | J56: 300 | K56: 600 | Q56: 300 | V56: 300 | X56: 300 | Z56: 300 | AD56: =SUM(F56:AC56) -> 2400 | AE56: =AD56/E56 -> 8
A57: 47 | B57: PP-2506-PH | C57: 90443200 P/RISER M X M 1 x 1 x 150 MM | D57: 10 | E57: 300 | G57: 2700 | H57: 3000 | J57: 2400 | K57: 1800 | Q57: 1200 | V57: 900 | X57: 900 | Z57: 1200 | AD57: =SUM(F57:AC57) -> 14100 | AE57: =AD57/E57 -> 47
A58: 48 | B58: PP-2512 | C58: 300 x 25MM Poly Riser. | D58: 10 | E58: 160 | G58: 1600 | H58: 1280 | J58: 1600 | K58: 1440 | V58: 160 | AD58: =SUM(F58:AC58) -> 6080 | AE58: =AD58/E58 -> 38
B59: PP-2512 | C59: 300 x 25MM Poly Riser. | D59: 10 | E59: 150 | V59: 4350 | W59: 750 | X59: 1200 | AD59: =SUM(F59:AC59) -> 6300 | AE59: =AD59/E59 -> 42
A60: 49 | B60: PP-2512-PH | C60: 90443300 P/Riser MXM 25x25x300 mm | D60: 10 | E60: 160 | G60: 4000 | H60: 3200 | J60: 1600 | K60: 3200 | AD60: =SUM(F60:AC60) -> 12000 | AE60: =AD60/E60 -> 75
B61: PP-2512-PH | C61: 90443300 P/Riser MXM 25x25x300 mm | D61: 10 | E61: 150 | V61: 1950 | W61: 750 | X61: 1050 | AD61: =SUM(F61:AC61) -> 3750 | AE61: =AD61/E61 -> 25
A62: 50 | B62: PPA-1506 | C62: 150 x 15MM Articulated P.Riser. | D62: 10 | E62: 130 | J62: 780 | V62: 1430 | Z62: 3250 | AD62: =SUM(F62:AC62) -> 5460 | AE62: =AD62/E62 -> 42
A63: 51 | B63: PPA-1508 | C63: 200 x 15MM Articulated P.Riser. | D63: 10 | E63: 110 | Z63: 1100 | AD63: =SUM(F63:AC63) -> 1100 | AE63: =AD63/E63 -> 10
A64: 52 | B64: PPA-1512 | C64: Articulated Riser 1/2"(15mm)x300MM | D64: 10 | E64: 80 | H64: 1600 | J64: 1200 | K64: 800 | M64: 800 | Q64: 1200 | V64: 3200 | Z64: 2160 | AD64: =SUM(F64:AC64) -> 10960 | AE64: =AD64/E64 -> 137
A65: 53 | B65: PPA-2008 | C65: 200 x 20MM Artic Riser | D65: 5 | E65: 75 | Q65: 600 | X65: 300 | Z65: 300 | AD65: =SUM(F65:AC65) -> 1200 | AE65: =AD65/E65 -> 16
A66: 54 | B66: PPA-2012 | C66: 300 x 20MM Artic Riser | D66: 5 | E66: 50 | H66: 1500 | J66: 1500 | K66: 750 | M66: 850 | Q66: 2400 | Z66: 3000 | AD66: =SUM(F66:AC66) -> 10000 | AE66: =AD66/E66 -> 200
A67: 55 | B67: PPA-2512 | C67: 300 x 25MM Artic Riser | D67: 5 | E67: 35 | G67: 350 | AD67: =SUM(F67:AC67) -> 350 | AE67: =AD67/E67 -> 10
A68: 55 | B68: PPA-2512 | C68: 300 x 25MM Artic Riser | D68: 5 | E68: 30 | Z68: 570 | AD68: =SUM(F68:AC68) -> 570 | AE68: =AD68/E68 -> 19
A70: TOTAL | F70: =SUM(F7:F69) -> 2800 | G70: =SUM(G7:G69) -> 162900 | H70: =SUM(H7:H69) -> 134070 | I70: =SUM(I7:I69) -> 82300 | J70: =SUM(J7:J69) -> 62080 | K70: =SUM(K7:K69) -> 76160 | L70: =SUM(L7:L69) -> 26100 | M70: =SUM(M7:M69) -> 25250 | ... AD70: =SUM(AD7:AD69) -> 1197630
A71: TOTAL BOXES | AE71: =SUM(AE7:AE69) -> 1951
AE72: =SUM(F3:AC3) -> 1951

Sheet Moulded
A1: Sr. No. | B1: CODE | C1: DESCRIPTION | D1: SUPPLIER | E1: MOULD MFG DATE | F1: MOULD CAVITIES | G1: PACKING | I1: TOTAL | J1: DO NOTFILL | K1: 2025-26 | L1: 2024-25 | M1: 2024 | N1: 2023 | O1: 2022 | P1: 2021 | Q1: 2020 | R1: 2019 | S1: 2018 | T1: 2017 | U1: 2016 | V1: 2015 | W1: 2014 | X1: 2013 | Y1: 2012 | Z1: 2011 | AA1: 2010 | AB1: 2009 | AC1: 2008 | AD1: 2007 | AE1: 2006 | AF1: 2005
G2: UNIT | H2: BOX | I2: PCS | K2: PCS | L2: PCS | M2: PCS | N2: PCS | O2: PCS | P2: PCS | Q2: PCS | R2: PCS | S2: PCS | T2: PCS | U2: PCS | V2: PCS | W2: PCS | X2: PCS | Y2: PCS | Z2: PCS | AA2: PCS | AB2: PCS | AC2: PCS | AD2: PCS | AE2: PCS | AF2: PCS
A3: 1 | B3: CAP-15 | C3: CAP 15 F.I. Cap 15MM | D3: VP | E3: 39148 | F3: 4 | G3: 50 | H3: 2800 | I3: =SUM(J3:AF3) -> 831600 | K3: ='Moulded-2025-26'!AD7 -> 22400 | L3: ='Moulded-2024-25'!Q7 -> 19600 | M3: ='Moulded-2024'!P7 -> 8400 | N3: ='Moulded-2023'!Z7 -> 0 | O3: 42000 | P3: 58800 | Q3: 28000 | R3: 56000 | S3: 61600 | T3: 61600 | U3: 64400 | V3: 30800 | W3: 78400 | X3: 44800 | Y3: 33600 | Z3: 36400 | AA3: 56000 | AB3: 30800 | AC3: 56000 | AD3: 36400 | AE3: 5600
A4: 2 | B4: CUT-15 | C4: CUT 15 Flexi Cut Off Riser 15MM | D4: VP | E4: 39148 | F4: 4 | G4: 50 | H4: 550 | I4: =SUM(J4:AF4)+SUM(J5:AF5) -> 1063150 | K4: ='Moulded-2025-26'!AD8 -> 39600 | L4: ='Moulded-2024-25'!Q8 -> 6600 | M4: ='Moulded-2024'!P8 -> 26400 | N4: ='Moulded-2023'!Z8 -> 48400 | O4: 16500 | P4: 55000 | Q4: 15950 | R4: 34100 | S4: 36300 | T4: 33550 | U4: 54450 | V4: 7150 | W4: 45650 | X4: 33000 | Y4: 26400 | Z4: 20350
B5: CUTPL-15 | C5: CUTPL 15 Rigid Cut Off Riser 15MM | G5: 50 | H5: 550 | K5: ='Moulded-2025-26'!AD10 -> 15950 | L5: ='Moulded-2024-25'!Q10 -> 0 | M5: ='Moulded-2024'!P10 -> 9900 | N5: ='Moulded-2023'!Z10 -> 39600 | O5: 27500 | P5: 49500 | Q5: 15950 | R5: 27500 | S5: 40700 | T5: 39600 | U5: 53350 | V5: 12650 | W5: 40150 | X5: 33000 | Y5: 20350 | Z5: 26950 | AA5: 16500 | AB5: 32450 | AC5: 34650 | AD5: 27500
A6: 3 | B6: CUTMF-15 | C6: CUTMF 15 M/F Cut Off Riser 15MM | D6: VP | E6: 41072 | F6: 2 | G6: 10 | H6: 1200 | I6: =SUM(J6:AF6) -> 716400 | K6: ='Moulded-2025-26'!AD9 -> 67200 | L6: ='Moulded-2024-25'!Q9 -> 12000 | M6: ='Moulded-2024'!P9 -> 56400 | N6: ='Moulded-2023'!Z9 -> 85200 | O6: 58800 | P6: 51600 | Q6: 37200 | R6: 61200 | S6: 52800 | T6: 54000 | U6: 56400 | V6: 6000 | W6: 62400 | X6: 28800 | Y6: 26400
A7: 4 | B7: FFC-15 | C7: FFC 15 F/F Couplings 1/2" (15MM) | D7: VP | E7: 38709 | F7: 4 | G7: 100 | H7: 1200 | I7: =SUM(J7:AF7) -> 2281200 | N7: ='Moulded-2023'!Z11-Moulded!N8 -> 24000 | O7: 48000 | P7: =162000-P8 -> 66000 | Q7: =114000-Q8 -> 90000 | R7: 180000 | S7: 140400 | T7: 134400 | U7: 168000 | V7: 109200 | W7: 192000 | X7: 126000 | Y7: 91200 | Z7: 79200 | AA7: 186000 | AB7: 142800 | AC7: 148800 | AD7: 151200 | AE7: 54000 | AF7: 150000
A8: 5 | D8: HP | E8: 44167 | F8: 6 | G8: 100 | H8: 1200 | I8: =SUM(J8:AF8) -> 759600 | K8: ='Moulded-2025-26'!AD11 -> 193200 | L8: ='Moulded-2024-25'!Q11 -> 134400 | M8: ='Moulded-2024'!P11 -> 80400 | N8: ='Moulded-2023'!Z11-'Moulded-2023'!I11 -> 171600 | O8: 60000 | P8: =12000+12000+12000+12000+24000+24000 -> 96000 | Q8: =24000 -> 24000
A9: 6 | B9: FFC-20 | C9: FFC 20 F/F Couplings 20MM | D9: VP | E9: 41473 | F9: 2 | G9: 50 | H9: 800 | I9: =SUM(J9:AF9)+SUM(J10:AF10) -> 211200 | V9: 4800 | W9: 24000 | X9: 4800
G10: 10 | H10: 800 | K10: ='Moulded-2025-26'!AD12 -> 13600 | L10: ='Moulded-2024-25'!Q12 -> 2400 | M10: ='Moulded-2024'!P12 -> 11200 | N10: ='Moulded-2023'!Z12 -> 14400 | O10: 8800 | P10: 20000 | Q10: 10400 | R10: 26400 | S10: 24800 | T10: 18400 | U10: 22400 | V10: 4800
A11: 7 | B11: FFC-25 | C11: FFC 25 F/F Couplings 25MM | D11: HP | E11: 43831 | F11: 2 | G11: 10 | H11: 520 | I11: =SUM(J11:AF11)+SUM(J12:AF12) -> 7730 | K11: ='Moulded-2025-26'!AD13 -> 0 | L11: ='Moulded-2024-25'!Q13 -> 520 | M11: 0 | N11: ='Moulded-2023'!Z13 -> 0 | O11: 1040 | P11: 3120 | Q11: 2600
G12: 10 | H12: 450 | K12: ='Moulded-2025-26'!AD14 -> 0 | L12: ='Moulded-2024-25'!Q14 -> 0 | M12: 0 | N12: ='Moulded-2023'!Z14 -> 0 | Q12: 450
B13: GRC-15 | C13: 15MM PP CAP | D13: HP | E13: 40693 | F13: 2 | G13: 10 | H13: 2500 | I13: =SUM(J13:AF13) -> 215000 | K13: ='Moulded-2025-26'!AD15 -> 0 | L13: ='Moulded-2024-25'!Q15 -> 67500 | M13: ='Moulded-2024'!P15 -> 62500 | N13: ='Moulded-2023'!Z15 -> 85000
B14: GRC-20 | C14: 20MM PP CAP | D14: HP | E14: 40693 | F14: 2 | G14: 10 | H14: 1500 | I14: =SUM(J14:AF14) -> 43500 | K14: ='Moulded-2025-26'!AD16 -> 3000 | L14: ='Moulded-2024-25'!Q16 -> 4500 | M14: ='Moulded-2024'!P16 -> 10500 | N14: ='Moulded-2023'!Z16 -> 25500
B15: GRC-25 | C15: 25MM PP CAP | D15: HP | E15: 40693 | F15: 2 | G15: 10 | H15: 900 | I15: =SUM(J15:AF15) -> 18000 | K15: ='Moulded-2025-26'!AD17 -> 1800 | L15: ='Moulded-2024-25'!Q17 -> 900 | M15: ='Moulded-2024'!P17 -> 6300 | N15: ='Moulded-2023'!Z17 -> 9000
B16: GRN-15 | C16: 15MM PP NIPPLE | D16: VP | E16: 40525 | F16: 1 | G16: 10 | H16: 1900 | I16: =SUM(J16:AF16) -> 285000 | K16: ='Moulded-2025-26'!AD18 -> 19000 | L16: ='Moulded-2024-25'!Q18 -> 77900 | M16: ='Moulded-2024'!P18 -> 66500 | N16: ='Moulded-2023'!Z18 -> 102600 | O16: 19000
B17: GRN-20 | C17: 20MM PP NIPPLE | D17: VP | E17: 40693 | F17: 1 | G17: 10 | H17: 890 | I17: =SUM(J17:AF17) -> 77430 | K17: ='Moulded-2025-26'!AD19 -> 7120 | L17: ='Moulded-2024-25'!Q19 -> 7120 | M17: ='Moulded-2024'!P19 -> 22250 | N17: ='Moulded-2023'!Z19 -> 32040 | O17: 8900
B18: GRN-25 | C18: 25MM PP NIPPLE | D18: VP | E18: 40693 | F18: 1 | G18: 10 | H18: 600 | I18: =SUM(J18:AF18) -> 90000 | K18: ='Moulded-2025-26'!AD20 -> 6600 | L18: ='Moulded-2024-25'!Q20 -> 6000 | M18: ='Moulded-2024'!P20 -> 20400 | N18: ='Moulded-2023'!Z20 -> 51000 | O18: 6000
B19: GRP-15 | C19: 15MM PP PLUG | D19: HP | E19: 40270 | F19: 4 | G19: 10 | H19: 2900 | I19: =SUM(J19:AF19) -> 214600 | K19: ='Moulded-2025-26'!AD21 -> 72500 | L19: ='Moulded-2024-25'!Q21 -> 8700 | M19: ='Moulded-2024'!P21 -> 46400 | N19: ='Moulded-2023'!Z21 -> 87000
B20: GRP-20 | C20: 20MM PP PLUG | D20: HP | E20: 40693 | F20: 4 | G20: 10 | H20: 1700 | I20: =SUM(J20:AF20) -> 45900 | K20: ='Moulded-2025-26'!AD22 -> 13600 | L20: ='Moulded-2024-25'!Q22 -> 0 | M20: ='Moulded-2024'!P22 -> 11900 | N20: ='Moulded-2023'!Z22 -> 20400
B21: GRP-25 | C21: 25MM PP PLUG | D21: HP | E21: 40693 | F21: 2 | G21: 10 | H21: 1000 | I21: =SUM(J21:AF21) -> 28000 | K21: ='Moulded-2025-26'!AD23 -> 7000 | L21: ='Moulded-2024-25'!Q23 -> 0 | M21: ='Moulded-2024'!P23 -> 6000 | N21: ='Moulded-2023'!Z23 -> 15000
A22: 8 | B22: MFA-15 | C22: MFA 15 M/F Adaptors 15MM | D22: VP | E22: 39310 | F22: 2 | G22: 50 | H22: 1750 | I22: =SUM(J22:AF22) -> 738500 | K22: ='Moulded-2025-26'!AD24 -> 38500 | L22: ='Moulded-2024-25'!Q24 -> 1750 | M22: ='Moulded-2024'!P24 -> 52500 | N22: ='Moulded-2023'!Z24 -> 56000 | O22: 21000 | P22: 29750 | R22: 35000 | S22: 70000 | T22: 36750 | U22: 56000 | V22: 29750 | W22: 71750 | X22: 33250 | Y22: 33250 | Z22: 24500 | AA22: 50750 | AB22: 21000 | AC22: 36750 | AD22: 40250
A23: 9 | B23: MFE-15 | C23: MFE 15 M/F Elbow 1/2" (15MM) | D23: VP | E23: 38709 | F23: 2 | G23: 100 | H23: 1000 | I23: =SUM(J23:AF23) -> 870800 | K23: ='Moulded-2025-26'!AD25 -> 30000 | L23: ='Moulded-2024-25'!Q25 -> 14000 | M23: ='Moulded-2024'!P25 -> 30000 | N23: ='Moulded-2023'!Z25 -> 42000 | O23: 44000 | P23: 57000 | Q23: 21000 | R23: 63000 | S23: 69000 | T23: 76000 | U23: 50000 | V23: 39000 | W23: 56000 | X23: 10000 | Y23: 28000 | Z23: 27000 | AA23: 45000 | AB23: 22000 | AC23: 44400 | AD23: 45000 | AF23: 58400
A24: 10 | B24: MFE-20 | C24: MFE 20 M/F Elbow 20MM | D24: VP | E24: 39310 | F24: 2 | G24: 50 | H24: 600 | I24: =SUM(J24:AF24) -> 111600 | K24: ='Moulded-2025-26'!AD26 -> 2400 | L24: ='Moulded-2024-25'!Q26 -> 6600 | M24: ='Moulded-2024'!P26 -> 4200 | N24: ='Moulded-2023'!Z26 -> 1800 | O24: 7800 | P24: 4800 | Q24: 600 | R24: 2400 | S24: 8400 | T24: 6600 | U24: 2400 | V24: 2400 | W24: 9000 | Z24: 18000 | AA24: 6000 | AD24: 28200
A25: 11 | B25: MFE-25 | C25: MFE 25 M/F Elbow 25MM | D25: VP | E25: 40908 | F25: 1 | G25: 50 | H25: 350 | I25: =SUM(J25:AF25) -> 56000 | K25: ='Moulded-2025-26'!AD27 -> 1050 | L25: ='Moulded-2024-25'!Q27 -> 1400 | M25: ='Moulded-2024'!P27 -> 1050 | N25: ='Moulded-2023'!Z27 -> 1050 | O25: 4900 | P25: 4900 | Q25: 1750 | R25: 4200 | S25: 4200 | T25: 3150 | U25: 2800 | V25: 2100 | W25: 700 | Y25: 22750
A26: 12 | D26: KP | E26: 46041 | F26: 4 | I26: =SUM(J26:AF26) -> 0
A27: 12 | B27: PET-1512 | C27: PET 1512 Full Thread Riser 300 X 15MM | D27: VP | E27: 41072 | F27: 1 | G27: 10 | H27: 300 | I27: =SUM(J27:AF27) -> 62100 | T27: =3000 -> 3000 | U27: 9000 | W27: 39900 | Y27: 10200
A28: 13 | D28: HP | E28: 42756 | F28: 2 | G28: 10 | H28: 300 | I28: =SUM(J28:AF28) -> 203400 | K28: ='Moulded-2025-26'!AD28 -> 21300 | L28: ='Moulded-2024-25'!Q28 -> 10500 | M28: ='Moulded-2024'!P28 -> 12000 | N28: ='Moulded-2023'!Z28 -> 42000 | O28: 18000 | P28: 15000 | Q28: 12000 | S28: 38700 | T28: =36900-T27 -> 33900
A29: 14 | B29: PET-2012 | C29: PET 2012 Full Thread Riser 300 X 20MM | D29: HP | E29: 42815 | F29: 1 | G29: 10 | H29: 230 | I29: =SUM(J29:AF29) -> 3680 | K29: ='Moulded-2025-26'!AD29 -> 0 | L29: ='Moulded-2024-25'!Q29 -> 0 | M29: ='Moulded-2024'!P29 -> 0 | N29: ='Moulded-2023'!Z29 -> 0 | S29: 1840 | T29: 1840
B30: PET-2512 | C30: PET 2512 Full Thread Riser 300 X 25MM | F30: 1 | G30: 10 | H30: 160 | I30: =SUM(J30:AF30) -> 3040 | K30: ='Moulded-2025-26'!AD30 -> 0 | L30: ='Moulded-2024-25'!Q30 -> 0 | M30: ='Moulded-2024'!P30 -> 0 | N30: ='Moulded-2023'!Z30 -> 0 | S30: 2080 | T30: 960
A31: 15 | B31: PET-3212 | C31: PET 3212 Full Thread Riser 300 X 32MM | D31: HP | E31: 42815 | F31: 1 | G31: 5 | H31: 85 | I31: =SUM(J31:AF31) -> 3655 | K31: ='Moulded-2025-26'!AD31 -> 0 | L31: ='Moulded-2024-25'!Q31 -> 0 | M31: ='Moulded-2024'!P31 -> 0 | N31: ='Moulded-2023'!Z31 -> 0 | P31: 680 | Q31: 170 | R31: 765 | S31: 1020 | T31: 1020
B32: PET-4012 | C32: PET 4012 Full Thread Riser 300 X 40MM | F32: 1 | G32: 5 | H32: 75 | I32: =SUM(J32:AF32) -> 3675 | K32: ='Moulded-2025-26'!AD32 -> 0 | L32: ='Moulded-2024-25'!Q32 -> 0 | M32: ='Moulded-2024'!P32 -> 0 | N32: ='Moulded-2023'!Z32 -> 0 | P32: 375 | Q32: 600 | R32: 150 | S32: 1200 | T32: 1350
A33: 16 | B33: PET-5012 | C33: PET 5012 Full Thread Riser 300 X 50MM | D33: HP | E33: 42815 | F33: 1 | G33: 5 | H33: 45 | I33: =SUM(J33:AF33) -> 3015 | K33: ='Moulded-2025-26'!AD33 -> 0 | L33: ='Moulded-2024-25'!Q33 -> 0 | M33: ='Moulded-2024'!P33 -> 0 | N33: ='Moulded-2023'!Z33 -> 0 | P33: 225 | R33: 585 | S33: 1215 | T33: 990
A34: 17 | B34: PP-1501 / 5 | C34: PP 1501 P/RISER M X M 25 x 15MM | D34: VP | E34: 39148 | F34: 3 | G34: 100 | H34: 2800 | I34: =SUM(J34:AF34)+SUM(J35:AF35) -> 1558400 | V34: 48000 | W34: 140000 | X34: 173600 | Y34: 168000 | AC34: 162400 | AD34: 266000 | AE34: 11200
H35: 2000 | R35: 8000 | S35: 262000 | T35: 40000 | U35: 180000 | V35: 27200 | W35: 72000
A36: 18 | D36: HP | E36: 43347 | F36: 8 | G36: 5 | H36: 2000 | I36: =SUM(J36:AF36) -> 898000 | K36: ='Moulded-2025-26'!AD34 -> 94000 | L36: ='Moulded-2024-25'!Q34 -> 130000 | M36: ='Moulded-2024'!P34 -> 96000 | N36: ='Moulded-2023'!Z34 -> 104000 | P36: 300000 | Q36: 76000 | R36: 48000 | S36: 50000
A37: 19 | B37: PP-1502 | C37: PP 1502 P/RISER M X M 50 x 15MM | D37: VP | E37: 41473 | F37: 4 | G37: 100 | H37: 2000 | I37: =SUM(J37:AF37) -> 1010000 | K37: ='Moulded-2025-26'!AD35 -> 2000 | L37: ='Moulded-2024-25'!Q35 -> 40000 | M37: ='Moulded-2024'!P35 -> 64000 | N37: ='Moulded-2023'!Z35 -> 78000 | O37: 40000 | P37: 126000 | Q37: 54000 | R37: 50000 | S37: 136000 | T37: 70000 | U37: 140000 | V37: 30000 | W37: 150000 | X37: 30000
A38: 20 | D38: KP | E38: 45980 | F38: 4 | G38: 50 | H38: 1800 | I38: =SUM(J38:AF38) -> 75600 | K38: ='Moulded-2025-26'!AD36 -> 75600
A39: 20 | B39: PP-1503 | C39: PP 1503 P/RISER M X M 80 x 15MM | D39: VP | E39: 38709 | F39: 3 | G39: 50 | H39: 1100 | I39: =SUM(J39:AF39) -> 1304600 | K39: ='Moulded-2025-26'!AD37 -> 93500 | L39: ='Moulded-2024-25'!Q36 -> 73700 | M39: ='Moulded-2024'!P36 -> 52800 | N39: ='Moulded-2023'!Z36 -> 92400 | O39: 33000 | P39: 99000 | Q39: 64900 | R39: 41800 | S39: 95700 | T39: 50600 | U39: 88000 | V39: 33000 | W39: 96800 | X39: 49500 | Y39: 47300 | Z39: 46200 | AA39: 50600 | AB39: 45100 | AC39: 37400 | AD39: 69300 | AE39: 44000
A40: 21 | B40: PP-1504 | C40: PP 1504 P/RISER M X M 100 x 15MM | D40: VP | E40: 38709 | F40: 3 | G40: 50 | H40: 1000 | I40: =SUM(J40:AF40) -> 758400 | N40: ='Moulded-2023'!Z37+'Moulded-2023'!Z38-Moulded!N41 -> 10000 | O40: 7000 | P40: 10000 | Q40: 56000 | R40: 27000 | S40: 63000 | T40: 47000 | U40: 80000 | V40: 40000 | W40: 88000 | X40: 45000 | Y40: 46000 | Z40: 36000 | AA40: 41000 | AB40: 47000 | AC40: 21000 | AD40: 58800 | AE40: 35600
A41: 22 | D41: HP | E41: 43831 | F41: 4 | G41: 50 | H41: 1000 | I41: =SUM(J41:AF41) -> 367000 | K41: ='Moulded-2025-26'!AD38 -> 71000 | L41: ='Moulded-2024-25'!Q37 -> 50000 | M41: ='Moulded-2024'!P37 -> 56000 | N41: ='Moulded-2023'!Z37+'Moulded-2023'!Z38-'Moulded-2023'!I38 -> 73000 | O41: 31000 | P41: 56000 | Q41: 30000
A42: 23 | B42: PP-1505 | C42: PP 1505 P/RISER M X M 125 x 15MM | D42: VP | E42: 40525 | F42: 4 | G42: 50 | H42: 800 | I42: =SUM(J42:AF42) -> 511200 | K42: ='Moulded-2025-26'!AD40 -> 25600 | L42: ='Moulded-2024-25'!Q39 -> 12800 | M42: ='Moulded-2024'!P38 -> 29600 | N42: ='Moulded-2023'!Z39 -> 35200 | O42: 4000 | P42: 45600 | Q42: 28000 | R42: 25600 | S42: 49600 | T42: 36000 | U42: 52800 | V42: 17600 | W42: 44800 | X42: 36800 | Y42: 29600 | Z42: 15200 | AA42: 22400
A43: 24 | B43: PP-1506 | C43: PP 1506 P/RISER M X M 150 x 15MM | D43: VP | E43: 38709 | F43: 4 | G43: 50 | H43: 600 | I43: =SUM(J43:AF43)+SUM(J44:AF44) -> 819000 | L43: ='Moulded-2024-25'!Q40-Moulded!L45 -> 6000 | M43: 6000 | N43: ='Moulded-2023'!Z40-Moulded!N45 -> 18000 | O43: 39000 | P43: 12000 | R43: 38400 | S43: 91800 | T43: 61200 | U43: 70200 | V43: 30000 | W43: 55200 | X43: 35400 | Y43: 45000 | Z43: 36000 | AA43: 36000 | AB43: 28200 | AC43: 35400 | AD43: 71400 | AE43: 48000
B44: PP-1506-PH | C44: 90441200 P/RISER M X M 1/2" X 1/2" X 150MM | G44: 50 | H44: 600 | N44: ='Moulded-2023'!Z41-N46 -> 9600 | R44: 1200 | U44: 1200 | V44: 3000 | W44: 4200 | Y44: 10200 | Z44: 2400 | AA44: 10200 | AB44: 4800 | AD44: 9000
A45: 25 | B45: PP-1506 | C45: PP 1506 P/RISER M X M 150 x 15MM | D45: HP | E45: 42570 | F45: 2 | G45: 50 | H45: 600 | I45: =SUM(J45:AF45)+SUM(J46:AF46) -> 399000 | K45: ='Moulded-2025-26'!AD41 -> 50400 | L45: ='Moulded-2024-25'!Q40-'Moulded-2024-25'!G40 -> 30000 | M45: ='Moulded-2024'!P39-M43 -> 55200 | N45: ='Moulded-2023'!Z40-'Moulded-2023'!I40-'Moulded-2023'!K40 -> 48000 | O45: 12000 | P45: 48600 | Q45: 43200 | R45: =6000+4800+6000+6000+6000 -> 28800
